longitude,latitude,age_myr,bathymetry_m
-169.25531914893617,-69.25714285714287,72.93,-4070.0
-167.7659574468085,-69.25714285714287,27.6,-4054.0
-166.27659574468086,-69.25714285714287,30.17,-4077.0
-164.7872340425532,-69.25714285714287,34.32,-3933.0
-163.29787234042553,-69.25714285714287,43.29,-3846.0
-161.80851063829786,-69.25714285714287,48.7,-3841.0
-160.31914893617022,-69.25714285714287,50.52,-3939.0
-158.82978723404256,-69.25714285714287,51.48,-3988.0
-157.3404255319149,-69.25714285714287,51.78,-4126.0
-155.85106382978722,-69.25714285714287,51.95,-4237.0
-154.36170212765958,-69.25714285714287,51.9,-4321.0
-152.87234042553192,-69.25714285714287,53.76,-4376.0
-151.38297872340425,-69.25714285714287,54.87,-4391.0
-149.89361702127658,-69.25714285714287,55.75,-4374.0
-148.40425531914894,-69.25714285714287,56.56,-4361.0
-146.91489361702128,-69.25714285714287,57.68,-4353.5
-145.4255319148936,-69.25714285714287,58.48,-4369.0
-143.93617021276594,-69.25714285714287,59.01,-4371.0
-142.4468085106383,-69.25714285714287,59.55,-4358.0
-140.95744680851064,-69.25714285714287,60.1,-4370.0
-139.46808510638297,-69.25714285714287,60.69,-4400.0
-137.9787234042553,-69.25714285714287,61.29,-4413.0
-136.48936170212767,-69.25714285714287,61.91,-4446.0
-135.0,-69.25714285714287,62.57,-4383.0
-133.51063829787233,-69.25714285714287,63.54,-4305.0
-132.02127659574467,-69.25714285714287,64.78,-4141.0
-130.53191489361703,-69.25714285714287,65.82,-3919.0
-129.04255319148936,-69.25714285714287,66.8,-3714.0
-127.5531914893617,-69.25714285714287,68.8,-3676.0
-126.06382978723404,-69.25714285714287,74.04,-3677.0
-124.57446808510639,-69.25714285714287,76.01,-3693.0
-123.08510638297872,-69.25714285714287,76.96,-3687.0
-121.59574468085106,-69.25714285714287,77.9,-3734.0
-120.1063829787234,-69.25714285714287,78.91,-2916.0
-118.61702127659575,-69.25714285714287,79.83,-3212.0
-117.12765957446808,-69.25714285714287,80.96,-3513.0
-115.63829787234042,-69.25714285714287,82.0,-3779.0
-114.14893617021276,-69.25714285714287,83.035,-3983.0
-112.65957446808511,-69.25714285714287,83.78,-3864.0
-111.17021276595744,-69.25714285714287,84.95,-3697.0
-109.68085106382978,-69.25714285714287,85.73,-3872.0
-108.19148936170212,-69.25714285714287,85.67,-3997.0
-106.70212765957447,-69.25714285714287,87.41,-4076.0
-105.2127659574468,-69.25714285714287,88.29,-3992.0
-103.72340425531915,-69.25714285714287,88.0,-4047.0
-102.23404255319149,-69.25714285714287,88.97,-4083.0
-100.74468085106383,-69.25714285714287,89.9,-4185.0
-169.25531914893617,-67.77142857142857,19.18,-3573.0
-167.7659574468085,-67.77142857142857,18.07,-3517.0
-166.27659574468086,-67.77142857142857,20.89,-3648.0
-164.7872340425532,-67.77142857142857,25.13,-3626.0
-163.29787234042553,-67.77142857142857,28.49,-3617.0
-161.80851063829786,-67.77142857142857,31.33,-3703.0
-160.31914893617022,-67.77142857142857,35.02,-3820.0
-158.82978723404256,-67.77142857142857,37.86,-3944.0
-157.3404255319149,-67.77142857142857,36.94,-3989.0
-155.85106382978722,-67.77142857142857,41.425003,-4105.0
-154.36170212765958,-67.77142857142857,43.91,-4177.0
-152.87234042553192,-67.77142857142857,46.48,-4322.0
-151.38297872340425,-67.77142857142857,48.5,-4402.0
-149.89361702127658,-67.77142857142857,49.8,-4332.0
-148.40425531914894,-67.77142857142857,50.61,-4217.0
-146.91489361702128,-67.77142857142857,49.72,-4187.5
-145.4255319148936,-67.77142857142857,50.7,-4285.0
-143.93617021276594,-67.77142857142857,49.68,-4297.0
-142.4468085106383,-67.77142857142857,51.52,-4298.0
-140.95744680851064,-67.77142857142857,52.32,-4283.0
-139.46808510638297,-67.77142857142857,50.25,-4252.0
-137.9787234042553,-67.77142857142857,53.01,-4360.0
-136.48936170212767,-67.77142857142857,55.0,-4418.0
-135.0,-67.77142857142857,56.63,-4472.0
-133.51063829787233,-67.77142857142857,58.18,-4414.0
-132.02127659574467,-67.77142857142857,59.63,-4404.0
-130.53191489361703,-67.77142857142857,60.42,-4274.0
-129.04255319148936,-67.77142857142857,63.28,-4201.0
-127.5531914893617,-67.77142857142857,69.825,-4226.0
-126.06382978723404,-67.77142857142857,71.02,-4149.0
-124.57446808510639,-67.77142857142857,71.9,-4133.0
-123.08510638297872,-67.77142857142857,72.86,-4272.0
-121.59574468085106,-67.77142857142857,73.81,-4298.0
-120.1063829787234,-67.77142857142857,74.78,-4289.0
-118.61702127659575,-67.77142857142857,75.77,-4299.0
-117.12765957446808,-67.77142857142857,76.79,-4270.0
-115.63829787234042,-67.77142857142857,77.79,-4469.0
-114.14893617021276,-67.77142857142857,78.815,-4441.0
-112.65957446808511,-67.77142857142857,79.8,-4295.0
-111.17021276595744,-67.77142857142857,80.26,-4222.0
-109.68085106382978,-67.77142857142857,80.87,-4154.0
-108.19148936170212,-67.77142857142857,79.53,-4327.0
-106.70212765957447,-67.77142857142857,81.71,-4435.0
-105.2127659574468,-67.77142857142857,83.11,-4555.0
-103.72340425531915,-67.77142857142857,84.04,-4554.0
-102.23404255319149,-67.77142857142857,85.27,-4556.0
-100.74468085106383,-67.77142857142857,86.46,-4588.0
-169.25531914893617,-66.28571428571428,9.59,-3221.0
-167.7659574468085,-66.28571428571428,12.15,-3398.0
-166.27659574468086,-66.28571428571428,14.4,-3471.0
-164.7872340425532,-66.28571428571428,12.9,-3547.0
-163.29787234042553,-66.28571428571428,14.98,-3644.0
-161.80851063829786,-66.28571428571428,17.35,-3581.0
-160.31914893617022,-66.28571428571428,19.73,-3868.0
-158.82978723404256,-66.28571428571428,22.67,-3778.0
-157.3404255319149,-66.28571428571428,25.22,-3797.0
-155.85106382978722,-66.28571428571428,27.46,-3958.0
-154.36170212765958,-66.28571428571428,26.55,-4119.0
-152.87234042553192,-66.28571428571428,24.08,-4146.0
-151.38297872340425,-66.28571428571428,26.11,-4159.0
-149.89361702127658,-66.28571428571428,28.36,-4317.0
-148.40425531914894,-66.28571428571428,30.46,-4175.0
-146.91489361702128,-66.28571428571428,32.36,-4161.5
-145.4255319148936,-66.28571428571428,33.53,-4071.0
-143.93617021276594,-66.28571428571428,31.85,-4081.0
-142.4468085106383,-66.28571428571428,34.45,-4034.0
-140.95744680851064,-66.28571428571428,37.88,-4061.0
-139.46808510638297,-66.28571428571428,43.22,-4282.0
-137.9787234042553,-66.28571428571428,48.42,-4376.0
-136.48936170212767,-66.28571428571428,50.84,-4490.0
-135.0,-66.28571428571428,52.42,-4588.0
-133.51063829787233,-66.28571428571428,53.66,-4616.0
-132.02127659574467,-66.28571428571428,52.9,-4639.0
-130.53191489361703,-66.28571428571428,54.15,-4659.0
-129.04255319148936,-66.28571428571428,56.4,-4610.0
-127.5531914893617,-66.28571428571428,62.165,-4598.0
-126.06382978723404,-66.28571428571428,65.01,-4575.0
-124.57446808510639,-66.28571428571428,67.17,-4557.0
-123.08510638297872,-66.28571428571428,68.54,-4596.0
-121.59574468085106,-66.28571428571428,69.47,-4626.0
-120.1063829787234,-66.28571428571428,70.35,-4713.0
-118.61702127659575,-66.28571428571428,71.35,-4785.0
-117.12765957446808,-66.28571428571428,72.34,-4784.0
-115.63829787234042,-66.28571428571428,73.23,-4810.0
-114.14893617021276,-66.28571428571428,70.75,-4833.0
-112.65957446808511,-66.28571428571428,71.32,-4813.0
-111.17021276595744,-66.28571428571428,72.14,-4799.0
-109.68085106382978,-66.28571428571428,74.18,-4688.0
-108.19148936170212,-66.28571428571428,75.58,-4730.0
-106.70212765957447,-66.28571428571428,77.03,-4745.0
-105.2127659574468,-66.28571428571428,78.5,-4843.0
-103.72340425531915,-66.28571428571428,79.92,-4853.0
-102.23404255319149,-66.28571428571428,81.36,-4790.0
-100.74468085106383,-66.28571428571428,82.81,-4799.0
-169.25531914893617,-64.80000000000001,2.23,-2646.0
-167.7659574468085,-64.80000000000001,3.66,-2787.0
-166.27659574468086,-64.80000000000001,5.8,-2890.0
-164.7872340425532,-64.80000000000001,7.85,-3129.0
-163.29787234042553,-64.80000000000001,10.1,-3340.0
-161.80851063829786,-64.80000000000001,12.56,-3551.0
-160.31914893617022,-64.80000000000001,14.18,-3664.0
-158.82978723404256,-64.80000000000001,12.29,-3843.0
-157.3404255319149,-64.80000000000001,12.83,-3693.0
-155.85106382978722,-64.80000000000001,14.915,-3772.0
-154.36170212765958,-64.80000000000001,17.11,-3780.0
-152.87234042553192,-64.80000000000001,19.23,-3877.0
-151.38297872340425,-64.80000000000001,18.34,-3927.0
-149.89361702127658,-64.80000000000001,13.79,-3913.0
-148.40425531914894,-64.80000000000001,16.49,-3986.0
-146.91489361702128,-64.80000000000001,19.38,-3853.0
-145.4255319148936,-64.80000000000001,22.61,-3819.0
-143.93617021276594,-64.80000000000001,25.69,-3703.0
-142.4468085106383,-64.80000000000001,28.42,-4016.0
-140.95744680851064,-64.80000000000001,30.93,-4246.0
-139.46808510638297,-64.80000000000001,33.48,-4267.0
-137.9787234042553,-64.80000000000001,42.23,-4280.0
-136.48936170212767,-64.80000000000001,44.29,-4347.0
-135.0,-64.80000000000001,43.73,-4584.0
-133.51063829787233,-64.80000000000001,48.04,-4649.0
-132.02127659574467,-64.80000000000001,49.49,-4750.0
-130.53191489361703,-64.80000000000001,51.31,-4775.0
-129.04255319148936,-64.80000000000001,53.59,-4768.0
-127.5531914893617,-64.80000000000001,55.79,-4844.0
-126.06382978723404,-64.80000000000001,58.59,-4897.0
-124.57446808510639,-64.80000000000001,60.66,-4907.0
-123.08510638297872,-64.80000000000001,62.45,-4902.0
-121.59574468085106,-64.80000000000001,64.01,-4940.0
-120.1063829787234,-64.80000000000001,65.36,-4972.0
-118.61702127659575,-64.80000000000001,66.41,-4995.0
-117.12765957446808,-64.80000000000001,64.54,-4982.0
-115.63829787234042,-64.80000000000001,64.89,-4953.0
-114.14893617021276,-64.80000000000001,64.03,-4981.0
-112.65957446808511,-64.80000000000001,65.82,-5017.0
-111.17021276595744,-64.80000000000001,67.6,-5023.0
-109.68085106382978,-64.80000000000001,69.43,-5000.0
-108.19148936170212,-64.80000000000001,70.86,-4951.0
-106.70212765957447,-64.80000000000001,72.31,-4958.0
-105.2127659574468,-64.80000000000001,73.75,-4967.0
-103.72340425531915,-64.80000000000001,75.17,-4956.0
-102.23404255319149,-64.80000000000001,76.59,-4927.0
-100.74468085106383,-64.80000000000001,77.58,-4915.0
-169.25531914893617,-63.31428571428571,3.27,-2747.0
-167.7659574468085,-63.31428571428571,1.64,-2558.0
-166.27659574468086,-63.31428571428571,1.25,-2638.0
-164.7872340425532,-63.31428571428571,2.68,-2680.0
-163.29787234042553,-63.31428571428571,3.16,-2650.0
-161.80851063829786,-63.31428571428571,3.74,-2870.0
-160.31914893617022,-63.31428571428571,5.22,-2849.0
-158.82978723404256,-63.31428571428571,6.27,-2898.0
-157.3404255319149,-63.31428571428571,6.93,-2838.0
-155.85106382978722,-63.31428571428571,2.5549998,-3018.0
-154.36170212765958,-63.31428571428571,3.98,-3200.0
-152.87234042553192,-63.31428571428571,5.82,-3284.0
-151.38297872340425,-63.31428571428571,7.67,-3494.0
-149.89361702127658,-63.31428571428571,9.65,-3464.0
-148.40425531914894,-63.31428571428571,12.27,-3706.0
-146.91489361702128,-63.31428571428571,15.4,-3860.5
-145.4255319148936,-63.31428571428571,18.37,-3836.0
-143.93617021276594,-63.31428571428571,21.23,-3851.0
-142.4468085106383,-63.31428571428571,23.465,-4040.0
-140.95744680851064,-63.31428571428571,24.72,-4258.0
-139.46808510638297,-63.31428571428571,27.17,-4332.0
-137.9787234042553,-63.31428571428571,30.07,-4402.0
-136.48936170212767,-63.31428571428571,33.05,-4493.0
-135.0,-63.31428571428571,36.1,-4727.0
-133.51063829787233,-63.31428571428571,38.94,-4707.0
-132.02127659574467,-63.31428571428571,42.48,-4804.0
-130.53191489361703,-63.31428571428571,47.08,-4892.0
-129.04255319148936,-63.31428571428571,49.41,-4878.0
-127.5531914893617,-63.31428571428571,51.295,-4960.0
-126.06382978723404,-63.31428571428571,52.71,-5006.0
-124.57446808510639,-63.31428571428571,55.61,-5098.0
-123.08510638297872,-63.31428571428571,57.71,-5098.0
-121.59574468085106,-63.31428571428571,59.27,-5055.0
-120.1063829787234,-63.31428571428571,59.65,-5038.0
-118.61702127659575,-63.31428571428571,59.29,-5052.0
-117.12765957446808,-63.31428571428571,54.59,-5075.0
-115.63829787234042,-63.31428571428571,55.63,-5108.0
-114.14893617021276,-63.31428571428571,58.32,-5172.0
-112.65957446808511,-63.31428571428571,60.71,-5175.0
-111.17021276595744,-63.31428571428571,62.87,-5174.0
-109.68085106382978,-63.31428571428571,64.55,-5156.0
-108.19148936170212,-63.31428571428571,66.08,-5119.0
-106.70212765957447,-63.31428571428571,67.43,-5122.0
-105.2127659574468,-63.31428571428571,68.37,-5122.0
-103.72340425531915,-63.31428571428571,67.56,-5093.0
-102.23404255319149,-63.31428571428571,69.88,-5017.0
-100.74468085106383,-63.31428571428571,74.35,-4991.0
-169.25531914893617,-61.82857142857143,7.96,-3204.0
-167.7659574468085,-61.82857142857143,10.27,-3034.0
-166.27659574468086,-61.82857142857143,8.33,-3119.0
-164.7872340425532,-61.82857142857143,5.7,-3043.0
-163.29787234042553,-61.82857142857143,4.82,-3092.0
-161.80851063829786,-61.82857142857143,4.96,-3202.0
-160.31914893617022,-61.82857142857143,9.57,-3170.0
-158.82978723404256,-61.82857142857143,6.92,-2950.0
-157.3404255319149,-61.82857142857143,4.12,-2900.0
-155.85106382978722,-61.82857142857143,2.04,-2839.0
-154.36170212765958,-61.82857142857143,1.04,-2751.0
-152.87234042553192,-61.82857142857143,2.08,-2821.0
-151.38297872340425,-61.82857142857143,4.41,-3022.0
-149.89361702127658,-61.82857142857143,6.61,-3296.0
-148.40425531914894,-61.82857142857143,8.77,-3385.0
-146.91489361702128,-61.82857142857143,10.77,-3514.5
-145.4255319148936,-61.82857142857143,13.03,-3690.0
-143.93617021276594,-61.82857142857143,15.28,-3894.0
-142.4468085106383,-61.82857142857143,17.375,-3937.0
-140.95744680851064,-61.82857142857143,19.52,-4048.0
-139.46808510638297,-61.82857142857143,22.38,-4093.0
-137.9787234042553,-61.82857142857143,25.28,-4220.0
-136.48936170212767,-61.82857142857143,28.06,-4388.0
-135.0,-61.82857142857143,30.71,-4503.0
-133.51063829787233,-61.82857142857143,33.59,-4557.0
-132.02127659574467,-61.82857142857143,36.36,-4693.0
-130.53191489361703,-61.82857142857143,39.08,-4652.0
-129.04255319148936,-61.82857142857143,41.46,-4628.0
-127.5531914893617,-61.82857142857143,44.105,-4803.0
-126.06382978723404,-61.82857142857143,46.58,-4966.0
-124.57446808510639,-61.82857142857143,49.37,-5078.0
-123.08510638297872,-61.82857142857143,52.28,-5139.5
-121.59574468085106,-61.82857142857143,50.47,-5089.0
-120.1063829787234,-61.82857142857143,47.65,-5006.0
-118.61702127659575,-61.82857142857143,49.07,-4963.0
-117.12765957446808,-61.82857142857143,50.93,-5064.0
-115.63829787234042,-61.82857142857143,53.08,-5101.0
-114.14893617021276,-61.82857142857143,55.415,-5151.0
-112.65957446808511,-61.82857142857143,57.54,-5161.0
-111.17021276595744,-61.82857142857143,59.4,-5180.0
-109.68085106382978,-61.82857142857143,61.06,-5182.0
-108.19148936170212,-61.82857142857143,61.87,-5161.0
-106.70212765957447,-61.82857142857143,62.69,-5080.0
-105.2127659574468,-61.82857142857143,63.8,-5074.0
-103.72340425531915,-61.82857142857143,64.06,-5063.0
-102.23404255319149,-61.82857142857143,61.38,-5010.0
-100.74468085106383,-61.82857142857143,60.81,-5045.0
-169.25531914893617,-60.34285714285715,22.325,-3951.0
-167.7659574468085,-60.34285714285715,18.73,-4132.0
-166.27659574468086,-60.34285714285715,19.75,-4176.0
-164.7872340425532,-60.34285714285715,22.555,-4053.0
-163.29787234042553,-60.34285714285715,20.09,-3856.0
-161.80851063829786,-60.34285714285715,16.915,-3846.0
-160.31914893617022,-60.34285714285715,13.809999,-3600.0
-158.82978723404256,-60.34285714285715,10.785,-3509.0
-157.3404255319149,-60.34285714285715,8.22,-3460.0
-155.85106382978722,-60.34285714285715,5.8450003,-3363.0
-154.36170212765958,-60.34285714285715,3.3249998,-2970.0
-152.87234042553192,-60.34285714285715,0.90999997,-2711.0
-151.38297872340425,-60.34285714285715,1.57,-2829.0
-149.89361702127658,-60.34285714285715,3.6550002,-3005.0
-148.40425531914894,-60.34285714285715,5.525,-3109.0
-146.91489361702128,-60.34285714285715,7.0600004,-3370.5
-145.4255319148936,-60.34285714285715,9.165,-3429.0
-143.93617021276594,-60.34285714285715,11.565001,-3541.0
-142.4468085106383,-60.34285714285715,14.045,-3643.0
-140.95744680851064,-60.34285714285715,16.51,-3742.0
-139.46808510638297,-60.34285714285715,19.05,-3866.0
-137.9787234042553,-60.34285714285715,21.75,-4037.0
-136.48936170212767,-60.34285714285715,24.345001,-4172.0
-135.0,-60.34285714285715,26.855,-4282.0
-133.51063829787233,-60.34285714285715,29.2,-4285.0
-132.02127659574467,-60.34285714285715,31.595001,-4373.0
-130.53191489361703,-60.34285714285715,34.275,-4343.0
-129.04255319148936,-60.34285714285715,37.485,-4376.0
-127.5531914893617,-60.34285714285715,40.65,-4428.0
-126.06382978723404,-60.34285714285715,42.335,-4592.0
-124.57446808510639,-60.34285714285715,38.42,-4659.0
-123.08510638297872,-60.34285714285715,35.92,-4681.5
-121.59574468085106,-60.34285714285715,38.285,-4723.0
-120.1063829787234,-60.34285714285715,40.88,-4759.0
-118.61702127659575,-60.34285714285715,44.120003,-4898.0
-117.12765957446808,-60.34285714285715,47.405,-4926.0
-115.63829787234042,-60.34285714285715,49.67,-5082.0
-114.14893617021276,-60.34285714285715,52.09,-5128.0
-112.65957446808511,-60.34285714285715,54.65,-5150.0
-111.17021276595744,-60.34285714285715,56.684998,-5151.0
-109.68085106382978,-60.34285714285715,58.095,-5172.0
-108.19148936170212,-60.34285714285715,59.184998,-5095.0
-106.70212765957447,-60.34285714285715,49.165,-4852.0
-105.2127659574468,-60.34285714285715,50.239998,-4987.0
-103.72340425531915,-60.34285714285715,52.54,-5049.0
-102.23404255319149,-60.34285714285715,53.005,-5196.0
-100.74468085106383,-60.34285714285715,45.465,-5087.0
-169.25531914893617,-58.85714285714286,36.11,-4647.0
-167.7659574468085,-58.85714285714286,31.88,-4481.0
-166.27659574468086,-58.85714285714286,29.35,-4500.0
-164.7872340425532,-58.85714285714286,26.57,-4529.0
-163.29787234042553,-58.85714285714286,23.68,-4486.0
-161.80851063829786,-58.85714285714286,20.75,-4349.0
-160.31914893617022,-58.85714285714286,17.63,-3970.0
-158.82978723404256,-58.85714285714286,14.98,-3857.0
-157.3404255319149,-58.85714285714286,12.13,-3674.0
-155.85106382978722,-58.85714285714286,9.34,-3580.0
-154.36170212765958,-58.85714285714286,6.94,-3281.0
-152.87234042553192,-58.85714285714286,4.94,-3006.0
-151.38297872340425,-58.85714285714286,3.32,-2900.0
-149.89361702127658,-58.85714285714286,1.13,-2717.0
-148.40425531914894,-58.85714285714286,1.47,-2818.0
-146.91489361702128,-58.85714285714286,4.02,-3003.0
-145.4255319148936,-58.85714285714286,6.39,-3164.0
-143.93617021276594,-58.85714285714286,8.66,-3325.0
-142.4468085106383,-58.85714285714286,11.085,-3454.0
-140.95744680851064,-58.85714285714286,13.63,-3605.0
-139.46808510638297,-58.85714285714286,16.16,-3766.0
-137.9787234042553,-58.85714285714286,18.69,-3756.0
-136.48936170212767,-58.85714285714286,21.2,-3876.0
-135.0,-58.85714285714286,23.61,-3630.0
-133.51063829787233,-58.85714285714286,25.66,-3901.0
-132.02127659574467,-58.85714285714286,26.13,-3917.0
-130.53191489361703,-58.85714285714286,19.95,-3920.0
-129.04255319148936,-58.85714285714286,22.13,-4005.0
-127.5531914893617,-58.85714285714286,24.46,-4117.0
-126.06382978723404,-58.85714285714286,26.76,-4264.0
-124.57446808510639,-58.85714285714286,29.12,-4355.0
-123.08510638297872,-58.85714285714286,31.29,-4484.0
-121.59574468085106,-58.85714285714286,34.01,-4597.0
-120.1063829787234,-58.85714285714286,36.36,-4538.0
-118.61702127659575,-58.85714285714286,38.6,-4666.0
-117.12765957446808,-58.85714285714286,41.06,-4689.0
-115.63829787234042,-58.85714285714286,44.4,-4815.0
-114.14893617021276,-58.85714285714286,47.665,-5168.0
-112.65957446808511,-58.85714285714286,50.04,-5180.0
-111.17021276595744,-58.85714285714286,37.01,-4879.0
-109.68085106382978,-58.85714285714286,38.38,-4804.0
-108.19148936170212,-58.85714285714286,40.0,-4836.0
-106.70212765957447,-58.85714285714286,36.86,-4842.0
-105.2127659574468,-58.85714285714286,33.9,-4648.0
-103.72340425531915,-58.85714285714286,35.79,-4558.0
-102.23404255319149,-58.85714285714286,37.87,-4612.0
-100.74468085106383,-58.85714285714286,39.92,-4817.0
-169.25531914893617,-57.371428571428574,42.57,-4684.0
-167.7659574468085,-57.371428571428574,37.2,-4648.0
-166.27659574468086,-57.371428571428574,34.3,-4671.0
-164.7872340425532,-57.371428571428574,31.44,-4722.0
-163.29787234042553,-57.371428571428574,28.84,-4431.0
-161.80851063829786,-57.371428571428574,26.66,-4262.0
-160.31914893617022,-57.371428571428574,24.37,-4045.0
-158.82978723404256,-57.371428571428574,21.68,-3861.0
-157.3404255319149,-57.371428571428574,18.38,-3827.0
-155.85106382978722,-57.371428571428574,14.755,-3695.0
-154.36170212765958,-57.371428571428574,11.26,-3496.0
-152.87234042553192,-57.371428571428574,8.76,-3319.0
-151.38297872340425,-57.371428571428574,6.22,-3180.0
-149.89361702127658,-57.371428571428574,3.7,-3036.0
-148.40425531914894,-57.371428571428574,1.57,-2883.0
-146.91489361702128,-57.371428571428574,1.16,-2827.5
-145.4255319148936,-57.371428571428574,2.4,-2937.0
-143.93617021276594,-57.371428571428574,5.18,-3217.0
-142.4468085106383,-57.371428571428574,7.83,-3414.0
-140.95744680851064,-57.371428571428574,10.37,-3588.0
-139.46808510638297,-57.371428571428574,12.45,-3589.0
-137.9787234042553,-57.371428571428574,5.95,-3317.0
-136.48936170212767,-57.371428571428574,5.15,-3186.0
-135.0,-57.371428571428574,6.86,-3372.0
-133.51063829787233,-57.371428571428574,8.84,-3452.0
-132.02127659574467,-57.371428571428574,10.83,-3495.0
-130.53191489361703,-57.371428571428574,14.61,-3741.0
-129.04255319148936,-57.371428571428574,18.2,-3767.0
-127.5531914893617,-57.371428571428574,20.744999,-3990.0
-126.06382978723404,-57.371428571428574,22.93,-4023.0
-124.57446808510639,-57.371428571428574,25.34,-4043.0
-123.08510638297872,-57.371428571428574,27.62,-4227.5
-121.59574468085106,-57.371428571428574,29.66,-4392.0
-120.1063829787234,-57.371428571428574,31.29,-4393.0
-118.61702127659575,-57.371428571428574,31.95,-4552.0
-117.12765957446808,-57.371428571428574,30.93,-4384.0
-115.63829787234042,-57.371428571428574,21.68,-4171.0
-114.14893617021276,-57.371428571428574,20.125,-4117.0
-112.65957446808511,-57.371428571428574,19.37,-4294.0
-111.17021276595744,-57.371428571428574,22.08,-4321.0
-109.68085106382978,-57.371428571428574,24.2,-4316.0
-108.19148936170212,-57.371428571428574,26.49,-4406.0
-106.70212765957447,-57.371428571428574,28.99,-4524.0
-105.2127659574468,-57.371428571428574,31.34,-4573.0
-103.72340425531915,-57.371428571428574,33.59,-4559.0
-102.23404255319149,-57.371428571428574,35.63,-4372.0
-100.74468085106383,-57.371428571428574,37.25,-4419.0
-169.25531914893617,-55.885714285714286,46.95,-4863.0
-167.7659574468085,-55.885714285714286,43.07,-4787.0
-166.27659574468086,-55.885714285714286,42.91,-4691.0
-164.7872340425532,-55.885714285714286,39.82,-4699.0
-163.29787234042553,-55.885714285714286,33.9,-4580.0
-161.80851063829786,-55.885714285714286,31.05,-4332.0
-160.31914893617022,-55.885714285714286,28.26,-4249.0
-158.82978723404256,-55.885714285714286,25.36,-4186.0
-157.3404255319149,-55.885714285714286,22.38,-3921.0
-155.85106382978722,-55.885714285714286,19.295,-3772.0
-154.36170212765958,-55.885714285714286,15.71,-3633.0
-152.87234042553192,-55.885714285714286,12.01,-3458.0
-151.38297872340425,-55.885714285714286,9.44,-3538.0
-149.89361702127658,-55.885714285714286,7.26,-3391.0
-148.40425531914894,-55.885714285714286,4.96,-3264.0
-146.91489361702128,-55.885714285714286,2.76,-3040.0
-145.4255319148936,-55.885714285714286,1.29,-2834.0
-143.93617021276594,-55.885714285714286,7.51,-3512.0
-142.4468085106383,-55.885714285714286,7.7,-3374.0
-140.95744680851064,-55.885714285714286,5.05,-3329.0
-139.46808510638297,-55.885714285714286,1.84,-2928.0
-137.9787234042553,-55.885714285714286,0.91,-2662.0
-136.48936170212767,-55.885714285714286,2.91,-2864.0
-135.0,-55.885714285714286,4.94,-3153.0
-133.51063829787233,-55.885714285714286,6.94,-3284.0
-132.02127659574467,-55.885714285714286,8.89,-3497.0
-130.53191489361703,-55.885714285714286,10.96,-3638.0
-129.04255319148936,-55.885714285714286,14.33,-3870.0
-127.5531914893617,-55.885714285714286,17.465,-3910.0
-126.06382978723404,-55.885714285714286,20.18,-3957.0
-124.57446808510639,-55.885714285714286,12.14,-3625.0
-123.08510638297872,-55.885714285714286,6.05,-3458.5
-121.59574468085106,-55.885714285714286,3.17,-2883.0
-120.1063829787234,-55.885714285714286,2.72,-2981.0
-118.61702127659575,-55.885714285714286,4.63,-3250.0
-117.12765957446808,-55.885714285714286,6.62,-3454.0
-115.63829787234042,-55.885714285714286,8.67,-3569.0
-114.14893617021276,-55.885714285714286,10.69,-3769.0
-112.65957446808511,-55.885714285714286,14.8,-3739.0
-111.17021276595744,-55.885714285714286,19.06,-3821.0
-109.68085106382978,-55.885714285714286,20.61,-3985.0
-108.19148936170212,-55.885714285714286,20.68,-4136.0
-106.70212765957447,-55.885714285714286,23.18,-4199.0
-105.2127659574468,-55.885714285714286,25.75,-4375.0
-103.72340425531915,-55.885714285714286,28.3,-4455.0
-102.23404255319149,-55.885714285714286,30.97,-4467.0
-100.74468085106383,-55.885714285714286,33.64,-4432.0
-169.25531914893617,-54.4,57.92,-4987.0
-167.7659574468085,-54.4,56.52,-4888.0
-166.27659574468086,-54.4,49.7,-4918.0
-164.7872340425532,-54.4,45.29,-4898.0
-163.29787234042553,-54.4,41.87,-4753.0
-161.80851063829786,-54.4,37.1,-4566.0
-160.31914893617022,-54.4,32.68,-4500.0
-158.82978723404256,-54.4,29.56,-4319.0
-157.3404255319149,-54.4,26.45,-4148.0
-155.85106382978722,-54.4,23.325,-3949.0
-154.36170212765958,-54.4,20.01,-3817.0
-152.87234042553192,-54.4,16.43,-3851.0
-151.38297872340425,-54.4,13.16,-3856.0
-149.89361702127658,-54.4,15.3,-3875.0
-148.40425531914894,-54.4,20.86,-3945.0
-146.91489361702128,-54.4,18.41,-3925.5
-145.4255319148936,-54.4,15.98,-3742.0
-143.93617021276594,-54.4,13.54,-3741.0
-142.4468085106383,-54.4,11.205,-3690.0
-140.95744680851064,-54.4,8.19,-3270.0
-139.46808510638297,-54.4,4.86,-2738.0
-137.9787234042553,-54.4,1.68,-2644.0
-136.48936170212767,-54.4,1.81,-2837.0
-135.0,-54.4,2.54,-2788.0
-133.51063829787233,-54.4,4.43,-3158.0
-132.02127659574467,-54.4,7.95,-3602.0
-130.53191489361703,-54.4,10.98,-3913.0
-129.04255319148936,-54.4,14.69,-3916.0
-127.5531914893617,-54.4,12.995,-3621.0
-126.06382978723404,-54.4,10.88,-3533.0
-124.57446808510639,-54.4,7.93,-3293.0
-123.08510638297872,-54.4,4.94,-3108.0
-121.59574468085106,-54.4,2.11,-2910.0
-120.1063829787234,-54.4,1.89,-2910.0
-118.61702127659575,-54.4,1.37,-2899.0
-117.12765957446808,-54.4,2.8,-3054.0
-115.63829787234042,-54.4,5.32,-3332.0
-114.14893617021276,-54.4,8.139999,-3501.0
-112.65957446808511,-54.4,11.04,-3599.0
-111.17021276595744,-54.4,13.66,-3749.0
-109.68085106382978,-54.4,16.17,-3821.0
-108.19148936170212,-54.4,18.96,-3955.0
-106.70212765957447,-54.4,21.87,-4095.0
-105.2127659574468,-54.4,24.94,-4183.0
-103.72340425531915,-54.4,27.97,-4304.0
-102.23404255319149,-54.4,30.95,-4406.0
-100.74468085106383,-54.4,33.86,-4396.0
-169.25531914893617,-52.91428571428572,60.17,-5209.5
-167.7659574468085,-52.91428571428572,58.13,-5120.5
-166.27659574468086,-52.91428571428572,55.6,-5084.0
-164.7872340425532,-52.91428571428572,51.16,-4941.5
-163.29787234042553,-52.91428571428572,48.21,-4805.5
-161.80851063829786,-52.91428571428572,45.74,-4510.5
-160.31914893617022,-52.91428571428572,39.52,-4491.0
-158.82978723404256,-52.91428571428572,34.53,-4392.5
-157.3404255319149,-52.91428571428572,31.38,-4322.5
-155.85106382978722,-52.91428571428572,28.76,-4215.5
-154.36170212765958,-52.91428571428572,36.31,-4410.5
-152.87234042553192,-52.91428571428572,34.07,-4173.5
-151.38297872340425,-52.91428571428572,31.11,-4391.5
-149.89361702127658,-52.91428571428572,28.12,-4416.5
-148.40425531914894,-52.91428571428572,25.2,-4352.5
-146.91489361702128,-52.91428571428572,22.61,-4140.5
-145.4255319148936,-52.91428571428572,19.5,-3952.0
-143.93617021276594,-52.91428571428572,16.78,-3749.5
-142.4468085106383,-52.91428571428572,13.975,-3395.5
-140.95744680851064,-52.91428571428572,11.54,-3317.0
-139.46808510638297,-52.91428571428572,9.66,-3064.0
-137.9787234042553,-52.91428571428572,25.46,-3519.0
-136.48936170212767,-52.91428571428572,31.11,-4298.5
-135.0,-52.91428571428572,28.61,-4404.5
-133.51063829787233,-52.91428571428572,25.67,-4316.5
-132.02127659574467,-52.91428571428572,22.36,-4136.0
-130.53191489361703,-52.91428571428572,19.41,-3994.0
-129.04255319148936,-52.91428571428572,17.32,-3993.5
-127.5531914893617,-52.91428571428572,16.15,-3781.0
-126.06382978723404,-52.91428571428572,14.18,-3727.5
-124.57446808510639,-52.91428571428572,10.8,-3612.0
-123.08510638297872,-52.91428571428572,8.65,-3420.5
-121.59574468085106,-52.91428571428572,6.29,-3317.0
-120.1063829787234,-52.91428571428572,3.89,-3119.0
-118.61702127659575,-52.91428571428572,1.25,-2832.5
-117.12765957446808,-52.91428571428572,1.7,-2972.0
-115.63829787234042,-52.91428571428572,4.7,-3285.0
-114.14893617021276,-52.91428571428572,7.42,-3493.5
-112.65957446808511,-52.91428571428572,10.03,-3534.5
-111.17021276595744,-52.91428571428572,12.94,-3615.0
-109.68085106382978,-52.91428571428572,16.02,-3764.0
-108.19148936170212,-52.91428571428572,19.0,-3938.5
-106.70212765957447,-52.91428571428572,21.83,-3999.5
-105.2127659574468,-52.91428571428572,24.57,-4137.0
-103.72340425531915,-52.91428571428572,27.2,-4233.0
-102.23404255319149,-52.91428571428572,29.82,-4358.0
-100.74468085106383,-52.91428571428572,32.42,-4387.0
-169.25531914893617,-51.42857142857143,62.44,-5073.0
-167.7659574468085,-51.42857142857143,60.6,-5202.0
-166.27659574468086,-51.42857142857143,58.64,-5199.0
-164.7872340425532,-51.42857142857143,56.54,-4982.0
-163.29787234042553,-51.42857142857143,53.93,-4864.0
-161.80851063829786,-51.42857142857143,51.15,-4837.0
-160.31914893617022,-51.42857142857143,48.63,-4682.0
-158.82978723404256,-51.42857142857143,47.91,-4658.0
-157.3404255319149,-51.42857142857143,52.85,-4717.0
-155.85106382978722,-51.42857142857143,48.33,-4486.0
-154.36170212765958,-51.42857142857143,44.62,-4499.0
-152.87234042553192,-51.42857142857143,41.1,-4611.0
-151.38297872340425,-51.42857142857143,36.94,-4509.0
-149.89361702127658,-51.42857142857143,32.96,-4463.0
-148.40425531914894,-51.42857142857143,30.32,-4305.0
-146.91489361702128,-51.42857142857143,27.33,-4190.5
-145.4255319148936,-51.42857142857143,31.48,-4070.0
-143.93617021276594,-51.42857142857143,37.71,-4205.0
-142.4468085106383,-51.42857142857143,34.615,-3994.0
-140.95744680851064,-51.42857142857143,46.32,-3845.0
-139.46808510638297,-51.42857142857143,44.28,-4320.0
-137.9787234042553,-51.42857142857143,41.31,-4347.0
-136.48936170212767,-51.42857142857143,36.76,-4387.0
-135.0,-51.42857142857143,32.35,-4508.0
-133.51063829787233,-51.42857142857143,30.2,-4513.0
-132.02127659574467,-51.42857142857143,29.22,-4489.0
-130.53191489361703,-51.42857142857143,26.71,-4339.0
-129.04255319148936,-51.42857142857143,23.97,-4231.0
-127.5531914893617,-51.42857142857143,21.02,-3998.0
-126.06382978723404,-51.42857142857143,17.03,-3887.0
-124.57446808510639,-51.42857142857143,13.07,-3699.0
-123.08510638297872,-51.42857142857143,9.74,-3588.0
-121.59574468085106,-51.42857142857143,6.92,-3358.0
-120.1063829787234,-51.42857142857143,4.18,-3134.0
-118.61702127659575,-51.42857142857143,1.52,-2875.0
-117.12765957446808,-51.42857142857143,1.12,-2880.0
-115.63829787234042,-51.42857142857143,3.8,-3145.0
-114.14893617021276,-51.42857142857143,6.41,-3397.0
-112.65957446808511,-51.42857142857143,9.05,-3574.0
-111.17021276595744,-51.42857142857143,11.85,-3642.0
-109.68085106382978,-51.42857142857143,14.69,-3601.0
-108.19148936170212,-51.42857142857143,17.5,-3788.0
-106.70212765957447,-51.42857142857143,20.13,-4002.0
-105.2127659574468,-51.42857142857143,22.59,-4151.0
-103.72340425531915,-51.42857142857143,24.96,-4220.0
-102.23404255319149,-51.42857142857143,26.95,-4325.0
-100.74468085106383,-51.42857142857143,26.58,-4414.0
-169.25531914893617,-49.94285714285714,65.9,-5234.0
-167.7659574468085,-49.94285714285714,64.14,-5209.0
-166.27659574468086,-49.94285714285714,62.29,-5205.0
-164.7872340425532,-49.94285714285714,61.28,-5191.0
-163.29787234042553,-49.94285714285714,59.3,-5073.0
-161.80851063829786,-49.94285714285714,59.27,-4899.0
-160.31914893617022,-49.94285714285714,61.45,-4983.0
-158.82978723404256,-49.94285714285714,59.71,-5057.0
-157.3404255319149,-49.94285714285714,57.47,-5119.0
-155.85106382978722,-49.94285714285714,54.215,-5053.0
-154.36170212765958,-49.94285714285714,50.37,-4769.0
-152.87234042553192,-49.94285714285714,46.88,-4622.0
-151.38297872340425,-49.94285714285714,43.51,-4524.0
-149.89361702127658,-49.94285714285714,40.44,-4431.0
-148.40425531914894,-49.94285714285714,46.95,-4317.0
-146.91489361702128,-49.94285714285714,51.92,-4501.0
-145.4255319148936,-49.94285714285714,51.77,-4355.0
-143.93617021276594,-49.94285714285714,57.17,-4454.0
-142.4468085106383,-49.94285714285714,56.085,-4545.0
-140.95744680851064,-49.94285714285714,52.35,-4528.0
-139.46808510638297,-49.94285714285714,47.98,-4398.0
-137.9787234042553,-49.94285714285714,45.03,-4425.0
-136.48936170212767,-49.94285714285714,42.14,-4507.0
-135.0,-49.94285714285714,39.02,-4748.0
-133.51063829787233,-49.94285714285714,35.84,-4760.0
-132.02127659574467,-49.94285714285714,32.39,-4595.0
-130.53191489361703,-49.94285714285714,28.5,-4435.0
-129.04255319148936,-49.94285714285714,24.51,-4261.0
-127.5531914893617,-49.94285714285714,21.035,-4095.0
-126.06382978723404,-49.94285714285714,17.74,-3885.0
-124.57446808510639,-49.94285714285714,14.29,-3735.0
-123.08510638297872,-49.94285714285714,10.73,-3587.0
-121.59574468085106,-49.94285714285714,8.18,-3408.0
-120.1063829787234,-49.94285714285714,5.56,-3224.0
-118.61702127659575,-49.94285714285714,2.94,-2952.0
-117.12765957446808,-49.94285714285714,0.8,-2767.0
-115.63829787234042,-49.94285714285714,2.72,-2988.0
-114.14893617021276,-49.94285714285714,4.315,-3108.0
-112.65957446808511,-49.94285714285714,3.29,-3125.0
-111.17021276595744,-49.94285714285714,4.97,-3299.0
-109.68085106382978,-49.94285714285714,7.16,-3430.0
-108.19148936170212,-49.94285714285714,9.44,-3763.0
-106.70212765957447,-49.94285714285714,12.1,-3887.0
-105.2127659574468,-49.94285714285714,15.47,-4033.0
-103.72340425531915,-49.94285714285714,18.7,-4123.0
-102.23404255319149,-49.94285714285714,21.78,-4218.0
-100.74468085106383,-49.94285714285714,24.55,-4301.0
-169.25531914893617,-48.45714285714286,69.835,-5275.0
-167.7659574468085,-48.45714285714286,68.27,-5199.0
-166.27659574468086,-48.45714285714286,69.51,-5157.0
-164.7872340425532,-48.45714285714286,68.67,-5057.0
-163.29787234042553,-48.45714285714286,67.39,-4985.0
-161.80851063829786,-48.45714285714286,66.09,-5019.0
-160.31914893617022,-48.45714285714286,64.335,-5158.0
-158.82978723404256,-48.45714285714286,62.415,-5125.0
-157.3404255319149,-48.45714285714286,60.385002,-5044.0
-155.85106382978722,-48.45714285714286,58.225,-4963.0
-154.36170212765958,-48.45714285714286,54.75,-4804.0
-152.87234042553192,-48.45714285714286,51.805,-4608.0
-151.38297872340425,-48.45714285714286,59.074997,-4596.0
-149.89361702127658,-48.45714285714286,60.1,-4749.0
-148.40425531914894,-48.45714285714286,58.92,-4611.0
-146.91489361702128,-48.45714285714286,60.925,-4549.0
-145.4255319148936,-48.45714285714286,60.215,-4705.0
-143.93617021276594,-48.45714285714286,59.29,-4650.0
-142.4468085106383,-48.45714285714286,58.03,-4746.0
-140.95744680851064,-48.45714285714286,56.684998,-4759.0
-139.46808510638297,-48.45714285714286,54.47,-4767.0
-137.9787234042553,-48.45714285714286,50.5,-4692.0
-136.48936170212767,-48.45714285714286,46.1,-4734.0
-135.0,-48.45714285714286,42.22,-4770.0
-133.51063829787233,-48.45714285714286,38.23,-4735.0
-132.02127659574467,-48.45714285714286,32.31,-4585.0
-130.53191489361703,-48.45714285714286,29.205,-4476.0
-129.04255319148936,-48.45714285714286,26.19,-4393.0
-127.5531914893617,-48.45714285714286,23.05,-4148.0
-126.06382978723404,-48.45714285714286,19.974998,-3933.0
-124.57446808510639,-48.45714285714286,16.485,-3705.0
-123.08510638297872,-48.45714285714286,13.355,-3636.0
-121.59574468085106,-48.45714285714286,11.315001,-3725.0
-120.1063829787234,-48.45714285714286,13.255,-3578.0
-118.61702127659575,-48.45714285714286,10.66,-3503.0
-117.12765957446808,-48.45714285714286,7.76,-3274.0
-115.63829787234042,-48.45714285714286,4.645,-3084.0
-114.14893617021276,-48.45714285714286,1.58,-2782.0
-112.65957446808511,-48.45714285714286,1.2,-2808.0
-111.17021276595744,-48.45714285714286,3.7150002,-3126.0
-109.68085106382978,-48.45714285714286,6.175,-3315.0
-108.19148936170212,-48.45714285714286,8.655001,-3578.0
-106.70212765957447,-48.45714285714286,11.21,-3817.0
-105.2127659574468,-48.45714285714286,14.51,-3982.0
-103.72340425531915,-48.45714285714286,17.54,-4106.0
-102.23404255319149,-48.45714285714286,20.645,-4220.0
-100.74468085106383,-48.45714285714286,23.33,-4261.0
-169.25531914893617,-46.971428571428575,74.78,-5339.0
-167.7659574468085,-46.971428571428575,74.38,-5381.0
-166.27659574468086,-46.971428571428575,72.94,-5298.0
-164.7872340425532,-46.971428571428575,71.64,-5156.0
-163.29787234042553,-46.971428571428575,70.56,-5132.0
-161.80851063829786,-46.971428571428575,69.31,-5143.0
-160.31914893617022,-46.971428571428575,67.85,-5073.0
-158.82978723404256,-46.971428571428575,66.57,-4960.0
-157.3404255319149,-46.971428571428575,66.63,-4907.0
-155.85106382978722,-46.971428571428575,63.620003,-4843.0
-154.36170212765958,-46.971428571428575,61.64,-4671.0
-152.87234042553192,-46.971428571428575,66.4,-4651.0
-151.38297872340425,-46.971428571428575,65.19,-4844.0
-149.89361702127658,-46.971428571428575,64.54,-4885.0
-148.40425531914894,-46.971428571428575,64.12,-4999.0
-146.91489361702128,-46.971428571428575,63.78,-4915.5
-145.4255319148936,-46.971428571428575,63.26,-4981.0
-143.93617021276594,-46.971428571428575,61.83,-5002.0
-142.4468085106383,-46.971428571428575,60.61,-5074.0
-140.95744680851064,-46.971428571428575,59.41,-5185.0
-139.46808510638297,-46.971428571428575,58.12,-5176.0
-137.9787234042553,-46.971428571428575,56.89,-5093.0
-136.48936170212767,-46.971428571428575,53.75,-4939.0
-135.0,-46.971428571428575,45.97,-4844.0
-133.51063829787233,-46.971428571428575,41.77,-4812.0
-132.02127659574467,-46.971428571428575,36.66,-4514.0
-130.53191489361703,-46.971428571428575,32.01,-4519.0
-129.04255319148936,-46.971428571428575,29.25,-4480.0
-127.5531914893617,-46.971428571428575,28.205,-4365.0
-126.06382978723404,-46.971428571428575,27.34,-4258.0
-124.57446808510639,-46.971428571428575,24.69,-4114.0
-123.08510638297872,-46.971428571428575,21.66,-4088.0
-121.59574468085106,-46.971428571428575,18.51,-4030.0
-120.1063829787234,-46.971428571428575,15.36,-3826.0
-118.61702127659575,-46.971428571428575,11.99,-3519.0
-117.12765957446808,-46.971428571428575,8.79,-3322.0
-115.63829787234042,-46.971428571428575,5.51,-3152.0
-114.14893617021276,-46.971428571428575,2.38,-2893.0
-112.65957446808511,-46.971428571428575,0.74,-2753.0
-111.17021276595744,-46.971428571428575,3.03,-2983.0
-109.68085106382978,-46.971428571428575,5.56,-3201.0
-108.19148936170212,-46.971428571428575,7.95,-3400.0
-106.70212765957447,-46.971428571428575,10.38,-3569.0
-105.2127659574468,-46.971428571428575,13.27,-3797.0
-103.72340425531915,-46.971428571428575,16.44,-3973.0
-102.23404255319149,-46.971428571428575,19.5,-4092.0
-100.74468085106383,-46.971428571428575,22.77,-4138.0
-169.25531914893617,-45.48571428571429,78.86,-5250.0
-167.7659574468085,-45.48571428571429,77.33,-5315.0
-166.27659574468086,-45.48571428571429,76.36,-5443.0
-164.7872340425532,-45.48571428571429,75.6,-5430.0
-163.29787234042553,-45.48571428571429,74.08,-5329.0
-161.80851063829786,-45.48571428571429,72.62,-5207.0
-160.31914893617022,-45.48571428571429,72.05,-5064.0
-158.82978723404256,-45.48571428571429,71.23,-4922.0
-157.3404255319149,-45.48571428571429,69.98,-4667.0
-155.85106382978722,-45.48571428571429,70.525,-4663.0
-154.36170212765958,-45.48571428571429,69.9,-4834.0
-152.87234042553192,-45.48571428571429,68.94,-5041.0
-151.38297872340425,-45.48571428571429,68.09,-5005.0
-149.89361702127658,-45.48571428571429,67.46,-5114.0
-148.40425531914894,-45.48571428571429,68.29,-5071.0
-146.91489361702128,-45.48571428571429,67.35,-5109.5
-145.4255319148936,-45.48571428571429,65.99,-5076.0
-143.93617021276594,-45.48571428571429,64.75,-5125.0
-142.4468085106383,-45.48571428571429,63.515,-5231.0
-140.95744680851064,-45.48571428571429,62.25,-5231.0
-139.46808510638297,-45.48571428571429,60.95,-5192.0
-137.9787234042553,-45.48571428571429,59.49,-5195.0
-136.48936170212767,-45.48571428571429,57.76,-5246.0
-135.0,-45.48571428571429,55.42,-4867.0
-133.51063829787233,-45.48571428571429,45.98,-4880.0
-132.02127659574467,-45.48571428571429,42.65,-4770.0
-130.53191489361703,-45.48571428571429,41.72,-4817.0
-129.04255319148936,-45.48571428571429,38.92,-4705.0
-127.5531914893617,-45.48571428571429,33.17,-4551.0
-126.06382978723404,-45.48571428571429,29.98,-4335.0
-124.57446808510639,-45.48571428571429,26.84,-4237.0
-123.08510638297872,-45.48571428571429,23.63,-4091.0
-121.59574468085106,-45.48571428571429,20.25,-4008.0
-120.1063829787234,-45.48571428571429,16.86,-3765.0
-118.61702127659575,-45.48571428571429,13.41,-3595.0
-117.12765957446808,-45.48571428571429,10.01,-3417.0
-115.63829787234042,-45.48571428571429,6.71,-3301.0
-114.14893617021276,-45.48571428571429,3.62,-3075.0
-112.65957446808511,-45.48571428571429,0.74,-2769.0
-111.17021276595744,-45.48571428571429,2.14,-3031.0
-109.68085106382978,-45.48571428571429,4.55,-3186.0
-108.19148936170212,-45.48571428571429,6.91,-3294.0
-106.70212765957447,-45.48571428571429,9.26,-3481.0
-105.2127659574468,-45.48571428571429,11.99,-3540.0
-103.72340425531915,-45.48571428571429,15.14,-3747.0
-102.23404255319149,-45.48571428571429,18.35,-3843.0
-100.74468085106383,-45.48571428571429,22.11,-3909.0
-169.25531914893617,-44.0,81.85,-4910.0
-167.7659574468085,-44.0,82.01,-5079.0
-166.27659574468086,-44.0,80.54,-5312.0
-164.7872340425532,-44.0,78.91,-5243.0
-163.29787234042553,-44.0,77.57,-5147.0
-161.80851063829786,-44.0,76.64,-5077.0
-160.31914893617022,-44.0,75.34,-4844.0
-158.82978723404256,-44.0,74.28,-5057.0
-157.3404255319149,-44.0,73.78,-5001.0
-155.85106382978722,-44.0,72.625,-4862.0
-154.36170212765958,-44.0,71.67,-5000.0
-152.87234042553192,-44.0,70.84,-5106.0
-151.38297872340425,-44.0,71.25,-5174.0
-149.89361702127658,-44.0,71.44,-5176.0
-148.40425531914894,-44.0,70.48,-5277.0
-146.91489361702128,-44.0,69.54,-5265.0
-145.4255319148936,-44.0,68.59,-5193.0
-143.93617021276594,-44.0,67.29,-5312.0
-142.4468085106383,-44.0,65.535,-5449.0
-140.95744680851064,-44.0,63.64,-5401.0
-139.46808510638297,-44.0,61.41,-5307.0
-137.9787234042553,-44.0,59.15,-5297.0
-136.48936170212767,-44.0,56.82,-5053.0
-135.0,-44.0,52.31,-4955.0
-133.51063829787233,-44.0,47.42,-4997.0
-132.02127659574467,-44.0,45.49,-4970.0
-130.53191489361703,-44.0,43.43,-5023.0
-129.04255319148936,-44.0,41.34,-4840.0
-127.5531914893617,-44.0,37.55,-4766.0
-126.06382978723404,-44.0,32.21,-4568.0
-124.57446808510639,-44.0,28.82,-4397.0
-123.08510638297872,-44.0,25.45,-4209.5
-121.59574468085106,-44.0,22.02,-3972.0
-120.1063829787234,-44.0,18.55,-3818.0
-118.61702127659575,-44.0,15.19,-3856.0
-117.12765957446808,-44.0,11.89,-3811.0
-115.63829787234042,-44.0,8.48,-3539.0
-114.14893617021276,-44.0,5.115,-3205.0
-112.65957446808511,-44.0,1.78,-2873.0
-111.17021276595744,-44.0,1.12,-2933.0
-109.68085106382978,-44.0,3.58,-3179.0
-108.19148936170212,-44.0,6.06,-3207.0
-106.70212765957447,-44.0,8.45,-3447.0
-105.2127659574468,-44.0,10.91,-3662.0
-103.72340425531915,-44.0,14.18,-3813.0
-102.23404255319149,-44.0,17.8,-3899.0
-100.74468085106383,-44.0,22.51,-3999.0
-169.25531914893617,-42.51428571428571,136.05,-3134.0
-167.7659574468085,-42.51428571428571,137.01,-4571.0
-166.27659574468086,-42.51428571428571,136.7,-5016.0
-164.7872340425532,-42.51428571428571,82.11,-5067.0
-163.29787234042553,-42.51428571428571,80.9,-5002.0
-161.80851063829786,-42.51428571428571,79.53,-5012.0
-160.31914893617022,-42.51428571428571,78.2,-5163.0
-158.82978723404256,-42.51428571428571,76.65,-5043.0
-157.3404255319149,-42.51428571428571,75.31,-4967.0
-155.85106382978722,-42.51428571428571,74.445,-5014.0
-154.36170212765958,-42.51428571428571,73.82,-5047.0
-152.87234042553192,-42.51428571428571,75.37,-5135.0
-151.38297872340425,-42.51428571428571,74.61,-5199.0
-149.89361702127658,-42.51428571428571,73.65,-5189.0
-148.40425531914894,-42.51428571428571,72.69,-5351.0
-146.91489361702128,-42.51428571428571,71.74,-5397.5
-145.4255319148936,-42.51428571428571,70.81,-5543.0
-143.93617021276594,-42.51428571428571,66.87,-5358.0
-142.4468085106383,-42.51428571428571,64.509995,-5277.0
-140.95744680851064,-42.51428571428571,62.41,-5395.0
-139.46808510638297,-42.51428571428571,60.08,-5433.0
-137.9787234042553,-42.51428571428571,57.81,-5243.0
-136.48936170212767,-42.51428571428571,54.77,-5201.0
-135.0,-42.51428571428571,49.12,-5095.0
-133.51063829787233,-42.51428571428571,46.39,-5032.0
-132.02127659574467,-42.51428571428571,44.66,-4992.0
-130.53191489361703,-42.51428571428571,42.8,-4938.0
-129.04255319148936,-42.51428571428571,40.86,-4840.0
-127.5531914893617,-42.51428571428571,36.75,-4780.0
-126.06382978723404,-42.51428571428571,32.2,-4559.0
-124.57446808510639,-42.51428571428571,29.66,-4381.0
-123.08510638297872,-42.51428571428571,26.8,-4336.0
-121.59574468085106,-42.51428571428571,23.52,-4138.0
-120.1063829787234,-42.51428571428571,20.24,-4032.0
-118.61702127659575,-42.51428571428571,16.79,-3882.0
-117.12765957446808,-42.51428571428571,13.21,-3675.0
-115.63829787234042,-42.51428571428571,9.92,-3453.0
-114.14893617021276,-42.51428571428571,6.435,-3169.0
-112.65957446808511,-42.51428571428571,2.9,-2886.0
-111.17021276595744,-42.51428571428571,0.75,-2792.0
-109.68085106382978,-42.51428571428571,2.99,-3139.0
-108.19148936170212,-42.51428571428571,5.62,-3297.0
-106.70212765957447,-42.51428571428571,8.36,-3415.0
-105.2127659574468,-42.51428571428571,11.22,-3574.0
-103.72340425531915,-42.51428571428571,14.58,-3836.0
-102.23404255319149,-42.51428571428571,17.7,-3951.0
-100.74468085106383,-42.51428571428571,21.1,-4351.0
-169.25531914893617,-41.02857142857143,131.98,-4580.0
-167.7659574468085,-41.02857142857143,133.57,-4826.0
-166.27659574468086,-41.02857142857143,135.3,-4951.0
-164.7872340425532,-41.02857142857143,137.16,-4863.0
-163.29787234042553,-41.02857142857143,97.93,-5127.0
-161.80851063829786,-41.02857142857143,80.93,-5153.0
-160.31914893617022,-41.02857142857143,79.21,-5173.0
-158.82978723404256,-41.02857142857143,78.19,-4925.0
-157.3404255319149,-41.02857142857143,77.4,-4831.0
-155.85106382978722,-41.02857142857143,78.369995,-4971.0
-154.36170212765958,-41.02857142857143,78.8,-4963.0
-152.87234042553192,-41.02857142857143,77.83,-4975.0
-151.38297872340425,-41.02857142857143,76.84,-5059.0
-149.89361702127658,-41.02857142857143,75.87,-5245.0
-148.40425531914894,-41.02857142857143,74.98,-5465.0
-146.91489361702128,-41.02857142857143,74.15,-5670.5
-145.4255319148936,-41.02857142857143,72.3,-5638.0
-143.93617021276594,-41.02857142857143,65.56,-5369.0
-142.4468085106383,-41.02857142857143,62.379997,-5376.0
-140.95744680851064,-41.02857142857143,59.47,-5377.0
-139.46808510638297,-41.02857142857143,56.79,-5296.0
-137.9787234042553,-41.02857142857143,54.73,-5180.0
-136.48936170212767,-41.02857142857143,50.9,-5217.0
-135.0,-41.02857142857143,47.09,-5058.0
-133.51063829787233,-41.02857142857143,44.83,-5008.0
-132.02127659574467,-41.02857142857143,42.72,-5059.0
-130.53191489361703,-41.02857142857143,40.52,-4945.0
-129.04255319148936,-41.02857142857143,37.91,-4815.0
-127.5531914893617,-41.02857142857143,34.025,-4583.0
-126.06382978723404,-41.02857142857143,31.12,-4481.0
-124.57446808510639,-41.02857142857143,28.71,-4365.0
-123.08510638297872,-41.02857142857143,26.36,-4020.0
-121.59574468085106,-41.02857142857143,23.74,-4104.0
-120.1063829787234,-41.02857142857143,20.69,-4142.0
-118.61702127659575,-41.02857142857143,17.21,-4024.0
-117.12765957446808,-41.02857142857143,13.51,-3689.0
-115.63829787234042,-41.02857142857143,9.88,-3414.0
-114.14893617021276,-41.02857142857143,6.36,-3210.0
-112.65957446808511,-41.02857142857143,3.01,-3097.0
-111.17021276595744,-41.02857142857143,0.8,-2783.0
-109.68085106382978,-41.02857142857143,3.12,-3122.0
-108.19148936170212,-41.02857142857143,5.84,-3536.0
-106.70212765957447,-41.02857142857143,8.45,-3721.0
-105.2127659574468,-41.02857142857143,11.03,-3772.0
-103.72340425531915,-41.02857142857143,12.8,-4008.0
-102.23404255319149,-41.02857142857143,14.45,-4040.0
-100.74468085106383,-41.02857142857143,16.06,-4202.0
-169.25531914893617,-39.542857142857144,128.25,-4669.0
-167.7659574468085,-39.542857142857144,129.86,-4617.0
-166.27659574468086,-39.542857142857144,131.92,-4742.0
-164.7872340425532,-39.542857142857144,134.13501,-5131.0
-163.29787234042553,-39.542857142857144,111.81,-5079.0
-161.80851063829786,-39.542857142857144,81.92,-5145.0
-160.31914893617022,-39.542857142857144,81.14,-5044.0
-158.82978723404256,-39.542857142857144,80.47,-4857.0
-157.3404255319149,-39.542857142857144,82.625,-4836.0
-155.85106382978722,-39.542857142857144,81.91,-4901.0
-154.36170212765958,-39.542857142857144,81.03,-4910.0
-152.87234042553192,-39.542857142857144,80.06,-5008.0
-151.38297872340425,-39.542857142857144,79.085,-5192.0
-149.89361702127658,-39.542857142857144,78.165,-5429.0
-148.40425531914894,-39.542857142857144,77.295,-5555.0
-146.91489361702128,-39.542857142857144,76.335,-5531.0
-145.4255319148936,-39.542857142857144,67.75,-5326.0
-143.93617021276594,-39.542857142857144,64.36,-5491.0
-142.4468085106383,-39.542857142857144,61.225,-5419.0
-140.95744680851064,-39.542857142857144,58.059998,-5261.0
-139.46808510638297,-39.542857142857144,54.295,-5212.0
-137.9787234042553,-39.542857142857144,49.995003,-5092.0
-136.48936170212767,-39.542857142857144,46.11,-5176.0
-135.0,-39.542857142857144,42.480003,-5000.0
-133.51063829787233,-39.542857142857144,36.725,-5013.0
-132.02127659574467,-39.542857142857144,32.43,-4980.0
-130.53191489361703,-39.542857142857144,31.475,-4851.0
-129.04255319148936,-39.542857142857144,32.265,-4759.0
-127.5531914893617,-39.542857142857144,28.685,-4615.0
-126.06382978723404,-39.542857142857144,26.75,-4529.0
-124.57446808510639,-39.542857142857144,25.72,-4328.0
-123.08510638297872,-39.542857142857144,24.335,-3957.5
-121.59574468085106,-39.542857142857144,22.404999,-4175.0
-120.1063829787234,-39.542857142857144,20.44,-4246.0
-118.61702127659575,-39.542857142857144,16.96,-4111.0
-117.12765957446808,-39.542857142857144,13.385,-3792.0
-115.63829787234042,-39.542857142857144,10.165,-3572.0
-114.14893617021276,-39.542857142857144,6.755,-3303.0
-112.65957446808511,-39.542857142857144,3.32,-3063.0
-111.17021276595744,-39.542857142857144,0.75,-2853.0
-109.68085106382978,-39.542857142857144,2.84,-3149.0
-108.19148936170212,-39.542857142857144,5.5,-3452.0
-106.70212765957447,-39.542857142857144,8.190001,-3680.0
-105.2127659574468,-39.542857142857144,10.91,-3855.0
-103.72340425531915,-39.542857142857144,12.53,-3912.0
-102.23404255319149,-39.542857142857144,14.155,-4089.0
-100.74468085106383,-39.542857142857144,15.2,-4257.0
-169.25531914893617,-38.05714285714286,124.57,-4770.0
-167.7659574468085,-38.05714285714286,126.0,-4213.0
-166.27659574468086,-38.05714285714286,128.75,-5097.0
-164.7872340425532,-38.05714285714286,131.05,-5307.0
-163.29787234042553,-38.05714285714286,136.06,-5220.0
-161.80851063829786,-38.05714285714286,136.29,-5295.0
-160.31914893617022,-38.05714285714286,117.51,-4989.0
-158.82978723404256,-38.05714285714286,133.8,-4922.0
-157.3404255319149,-38.05714285714286,135.58,-5244.0
-155.85106382978722,-38.05714285714286,136.54001,-5258.0
-154.36170212765958,-38.05714285714286,110.82,-5274.0
-152.87234042553192,-38.05714285714286,82.03,-5390.0
-151.38297872340425,-38.05714285714286,81.36,-5458.0
-149.89361702127658,-38.05714285714286,80.47,-5534.0
-148.40425531914894,-38.05714285714286,79.59,-5443.0
-146.91489361702128,-38.05714285714286,77.86,-5370.0
-145.4255319148936,-38.05714285714286,66.56,-5543.0
-143.93617021276594,-38.05714285714286,63.08,-5379.0
-142.4468085106383,-38.05714285714286,59.9,-5244.0
-140.95744680851064,-38.05714285714286,56.73,-5284.0
-139.46808510638297,-38.05714285714286,52.47,-5114.0
-137.9787234042553,-38.05714285714286,48.35,-5075.0
-136.48936170212767,-38.05714285714286,45.02,-4915.0
-135.0,-38.05714285714286,41.45,-4938.0
-133.51063829787233,-38.05714285714286,33.19,-4887.0
-132.02127659574467,-38.05714285714286,31.44,-4821.0
-130.53191489361703,-38.05714285714286,29.76,-4525.0
-129.04255319148936,-38.05714285714286,28.18,-4597.0
-127.5531914893617,-38.05714285714286,26.555,-4681.0
-126.06382978723404,-38.05714285714286,25.12,-4599.0
-124.57446808510639,-38.05714285714286,23.88,-4351.0
-123.08510638297872,-38.05714285714286,22.51,-4439.0
-121.59574468085106,-38.05714285714286,20.73,-4307.0
-120.1063829787234,-38.05714285714286,18.05,-4141.0
-118.61702127659575,-38.05714285714286,15.7,-4060.0
-117.12765957446808,-38.05714285714286,13.56,-3956.0
-115.63829787234042,-38.05714285714286,10.63,-3666.0
-114.14893617021276,-38.05714285714286,7.3450003,-3280.0
-112.65957446808511,-38.05714285714286,3.88,-2972.0
-111.17021276595744,-38.05714285714286,0.74,-2662.0
-109.68085106382978,-38.05714285714286,2.31,-3100.0
-108.19148936170212,-38.05714285714286,5.01,-3494.0
-106.70212765957447,-38.05714285714286,7.77,-3623.0
-105.2127659574468,-38.05714285714286,10.56,-3868.0
-103.72340425531915,-38.05714285714286,12.06,-3988.0
-102.23404255319149,-38.05714285714286,12.42,-4026.0
-100.74468085106383,-38.05714285714286,12.36,-4017.0
-169.25531914893617,-36.57142857142858,120.65,-4870.0
-167.7659574468085,-36.57142857142858,122.14,-4815.0
-166.27659574468086,-36.57142857142858,125.5,-4851.0
-164.7872340425532,-36.57142857142858,128.02,-5222.0
-163.29787234042553,-36.57142857142858,131.76,-5321.0
-161.80851063829786,-36.57142857142858,132.25,-5292.0
-160.31914893617022,-36.57142857142858,130.7,-5206.0
-158.82978723404256,-36.57142857142858,128.63,-5251.0
-157.3404255319149,-36.57142857142858,130.44,-5381.0
-155.85106382978722,-36.57142857142858,132.395,-5364.0
-154.36170212765958,-36.57142857142858,134.23,-5380.0
-152.87234042553192,-36.57142857142858,136.15,-5505.0
-151.38297872340425,-36.57142857142858,136.38,-5543.0
-149.89361702127658,-36.57142857142858,82.51,-5470.0
-148.40425531914894,-36.57142857142858,81.74,-5349.0
-146.91489361702128,-36.57142857142858,72.33,-5280.5
-145.4255319148936,-36.57142857142858,65.16,-5249.0
-143.93617021276594,-36.57142857142858,61.76,-5165.0
-142.4468085106383,-36.57142857142858,58.504997,-5155.0
-140.95744680851064,-36.57142857142858,54.66,-4963.0
-139.46808510638297,-36.57142857142858,50.84,-4893.0
-137.9787234042553,-36.57142857142858,47.08,-4767.0
-136.48936170212767,-36.57142857142858,43.92,-4761.0
-135.0,-36.57142857142858,40.77,-4854.0
-133.51063829787233,-36.57142857142858,32.72,-4621.0
-132.02127659574467,-36.57142857142858,30.94,-4429.0
-130.53191489361703,-36.57142857142858,29.17,-4360.0
-129.04255319148936,-36.57142857142858,27.39,-4363.0
-127.5531914893617,-36.57142857142858,25.645,-4418.0
-126.06382978723404,-36.57142857142858,23.98,-4238.0
-124.57446808510639,-36.57142857142858,22.19,-4139.0
-123.08510638297872,-36.57142857142858,20.37,-4066.0
-121.59574468085106,-36.57142857142858,18.54,-4129.0
-120.1063829787234,-36.57142857142858,16.82,-4180.0
-118.61702127659575,-36.57142857142858,15.1,-3982.0
-117.12765957446808,-36.57142857142858,13.21,-3967.0
-115.63829787234042,-36.57142857142858,11.21,-3455.0
-114.14893617021276,-36.57142857142858,7.99,-3068.0
-112.65957446808511,-36.57142857142858,4.63,-3028.0
-111.17021276595744,-36.57142857142858,1.18,-2867.0
-109.68085106382978,-36.57142857142858,1.9,-3021.0
-108.19148936170212,-36.57142857142858,4.89,-3474.0
-106.70212765957447,-36.57142857142858,7.87,-3628.0
-105.2127659574468,-36.57142857142858,10.42,-3672.0
-103.72340425531915,-36.57142857142858,9.94,-3789.0
-102.23404255319149,-36.57142857142858,9.87,-3447.0
-100.74468085106383,-36.57142857142858,10.47,-3396.0
-169.25531914893617,-35.08571428571429,114.76,-5119.5
-167.7659574468085,-35.08571428571429,117.02,-5119.0
-166.27659574468086,-35.08571428571429,122.12,-5223.0
-164.7872340425532,-35.08571428571429,124.28,-5333.0
-163.29787234042553,-35.08571428571429,126.67,-5389.5
-161.80851063829786,-35.08571428571429,122.1,-5399.0
-160.31914893617022,-35.08571428571429,121.91,-5207.0
-158.82978723404256,-35.08571428571429,123.36,-5350.5
-157.3404255319149,-35.08571428571429,125.3,-5378.5
-155.85106382978722,-35.08571428571429,127.11,-5423.5
-154.36170212765958,-35.08571428571429,129.08,-5477.5
-152.87234042553192,-35.08571428571429,131.01,-5482.0
-151.38297872340425,-35.08571428571429,133.15,-5409.5
-149.89361702127658,-35.08571428571429,135.43,-5168.5
-148.40425531914894,-35.08571428571429,101.79,-5154.5
-146.91489361702128,-35.08571428571429,70.28,-5037.5
-145.4255319148936,-35.08571428571429,65.78,-5128.0
-143.93617021276594,-35.08571428571429,60.96,-5130.0
-142.4468085106383,-35.08571428571429,57.095,-4970.5
-140.95744680851064,-35.08571428571429,52.98,-4876.0
-139.46808510638297,-35.08571428571429,49.23,-4779.0
-137.9787234042553,-35.08571428571429,45.97,-4757.0
-136.48936170212767,-35.08571428571429,43.04,-4694.0
-135.0,-35.08571428571429,39.9,-4552.5
-133.51063829787233,-35.08571428571429,32.31,-4412.0
-132.02127659574467,-35.08571428571429,30.58,-3991.5
-130.53191489361703,-35.08571428571429,28.82,-3903.5
-129.04255319148936,-35.08571428571429,27.09,-4046.5
-127.5531914893617,-35.08571428571429,25.395,-3940.0
-126.06382978723404,-35.08571428571429,23.7,-3862.0
-124.57446808510639,-35.08571428571429,21.93,-4097.5
-123.08510638297872,-35.08571428571429,20.07,-4050.5
-121.59574468085106,-35.08571428571429,18.21,-4146.0
-120.1063829787234,-35.08571428571429,16.49,-3791.0
-118.61702127659575,-35.08571428571429,14.65,-3699.5
-117.12765957446808,-35.08571428571429,12.85,-3915.0
-115.63829787234042,-35.08571428571429,11.04,-3598.5
-114.14893617021276,-35.08571428571429,7.91,-3345.0
-112.65957446808511,-35.08571428571429,4.4,-3177.0
-111.17021276595744,-35.08571428571429,0.92,-3014.5
-109.68085106382978,-35.08571428571429,2.11,-3114.5
-108.19148936170212,-35.08571428571429,4.29,-3436.0
-106.70212765957447,-35.08571428571429,6.02,-3405.0
-105.2127659574468,-35.08571428571429,6.86,-3360.5
-103.72340425531915,-35.08571428571429,7.71,-3327.0
-102.23404255319149,-35.08571428571429,8.67,-3323.0
-100.74468085106383,-35.08571428571429,9.73,-3432.0
-169.25531914893617,-33.6,109.06,-5420.0
-167.7659574468085,-33.6,110.16,-5323.0
-166.27659574468086,-33.6,112.86,-5373.0
-164.7872340425532,-33.6,118.9,-5343.0
-163.29787234042553,-33.6,120.7,-5545.0
-161.80851063829786,-33.6,114.27,-5364.0
-160.31914893617022,-33.6,115.71,-5189.0
-158.82978723404256,-33.6,117.89,-5283.0
-157.3404255319149,-33.6,120.01,-5239.0
-155.85106382978722,-33.6,121.925,-5226.0
-154.36170212765958,-33.6,123.68,-5222.0
-152.87234042553192,-33.6,125.66,-5270.0
-151.38297872340425,-33.6,126.0,-5308.0
-149.89361702127658,-33.6,110.21,-5301.0
-148.40425531914894,-33.6,79.36,-4999.0
-146.91489361702128,-33.6,72.45,-4686.0
-145.4255319148936,-33.6,67.6,-4922.0
-143.93617021276594,-33.6,61.55,-5066.0
-142.4468085106383,-33.6,54.85,-4962.0
-140.95744680851064,-33.6,51.39,-4955.0
-139.46808510638297,-33.6,47.3,-4870.0
-137.9787234042553,-33.6,43.95,-4798.0
-136.48936170212767,-33.6,41.65,-4627.0
-135.0,-33.6,36.42,-4589.0
-133.51063829787233,-33.6,31.67,-4503.0
-132.02127659574467,-33.6,29.84,-4316.0
-130.53191489361703,-33.6,27.93,-3860.0
-129.04255319148936,-33.6,26.14,-3815.0
-127.5531914893617,-33.6,24.58,-3900.0
-126.06382978723404,-33.6,22.95,-3926.0
-124.57446808510639,-33.6,21.0,-3824.0
-123.08510638297872,-33.6,18.69,-3824.0
-121.59574468085106,-33.6,16.82,-3700.0
-120.1063829787234,-33.6,15.38,-3780.0
-118.61702127659575,-33.6,13.62,-3661.0
-117.12765957446808,-33.6,11.7,-3366.0
-115.63829787234042,-33.6,4.75,-3269.0
-114.14893617021276,-33.6,2.41,-2974.0
-112.65957446808511,-33.6,0.48,-2706.0
-111.17021276595744,-33.6,1.38,-3081.0
-109.68085106382978,-33.6,2.88,-3023.0
-108.19148936170212,-33.6,4.4,-3184.0
-106.70212765957447,-33.6,5.71,-3264.0
-105.2127659574468,-33.6,6.8,-3300.0
-103.72340425531915,-33.6,7.91,-3371.0
-102.23404255319149,-33.6,9.01,-3467.0
-100.74468085106383,-33.6,10.12,-3598.0
-169.25531914893617,-32.114285714285714,103.91,-5522.0
-167.7659574468085,-32.114285714285714,104.49,-5528.0
-166.27659574468086,-32.114285714285714,105.34,-5260.0
-164.7872340425532,-32.114285714285714,108.17,-5351.0
-163.29787234042553,-32.114285714285714,110.84,-5405.0
-161.80851063829786,-32.114285714285714,107.6,-5338.0
-160.31914893617022,-32.114285714285714,109.4,-5333.0
-158.82978723404256,-32.114285714285714,111.38,-5296.0
-157.3404255319149,-32.114285714285714,113.3,-5190.0
-155.85106382978722,-32.114285714285714,115.025,-5176.0
-154.36170212765958,-32.114285714285714,116.68,-5104.0
-152.87234042553192,-32.114285714285714,115.0,-5124.0
-151.38297872340425,-32.114285714285714,107.17,-5178.0
-149.89361702127658,-32.114285714285714,92.12,-5123.0
-148.40425531914894,-32.114285714285714,77.72,-4714.0
-146.91489361702128,-32.114285714285714,71.22,-4966.5
-145.4255319148936,-32.114285714285714,65.36,-5000.0
-143.93617021276594,-32.114285714285714,59.0,-5100.0
-142.4468085106383,-32.114285714285714,53.22,-5024.0
-140.95744680851064,-32.114285714285714,49.9,-4815.0
-139.46808510638297,-32.114285714285714,40.01,-4661.0
-137.9787234042553,-32.114285714285714,36.6,-4481.0
-136.48936170212767,-32.114285714285714,33.23,-4304.0
-135.0,-32.114285714285714,31.36,-4253.0
-133.51063829787233,-32.114285714285714,29.48,-4185.0
-132.02127659574467,-32.114285714285714,27.69,-4164.0
-130.53191489361703,-32.114285714285714,25.88,-3955.0
-129.04255319148936,-32.114285714285714,24.06,-4101.0
-127.5531914893617,-32.114285714285714,22.275002,-3776.0
-126.06382978723404,-32.114285714285714,20.42,-3659.0
-124.57446808510639,-32.114285714285714,18.95,-3678.0
-123.08510638297872,-32.114285714285714,17.54,-3598.5
-121.59574468085106,-32.114285714285714,16.15,-3577.0
-120.1063829787234,-32.114285714285714,14.21,-3538.0
-118.61702127659575,-32.114285714285714,10.08,-3450.0
-117.12765957446808,-32.114285714285714,7.68,-3300.0
-115.63829787234042,-32.114285714285714,4.26,-3230.0
-114.14893617021276,-32.114285714285714,2.49,-2992.0
-112.65957446808511,-32.114285714285714,0.63,-2745.0
-111.17021276595744,-32.114285714285714,1.0,-2686.0
-109.68085106382978,-32.114285714285714,2.63,-2923.0
-108.19148936170212,-32.114285714285714,4.37,-3158.0
-106.70212765957447,-32.114285714285714,5.68,-3322.0
-105.2127659574468,-32.114285714285714,6.83,-3438.0
-103.72340425531915,-32.114285714285714,7.98,-3579.0
-102.23404255319149,-32.114285714285714,9.11,-3624.0
-100.74468085106383,-32.114285714285714,10.31,-3653.0
-169.25531914893617,-30.628571428571426,99.28,-5516.0
-167.7659574468085,-30.628571428571426,99.33,-5481.0
-166.27659574468086,-30.628571428571426,99.47,-5421.0
-164.7872340425532,-30.628571428571426,99.78,-5391.0
-163.29787234042553,-30.628571428571426,100.57,-5293.0
-161.80851063829786,-30.628571428571426,101.01,-5338.0
-160.31914893617022,-30.628571428571426,102.55,-5195.0
-158.82978723404256,-30.628571428571426,103.97,-5110.0
-157.3404255319149,-30.628571428571426,105.25,-5075.0
-155.85106382978722,-30.628571428571426,106.18,-5126.0
-154.36170212765958,-30.628571428571426,105.85,-5039.0
-152.87234042553192,-30.628571428571426,102.82,-5160.0
-151.38297872340425,-30.628571428571426,95.59,-5031.0
-149.89361702127658,-30.628571428571426,83.83,-4584.0
-148.40425531914894,-30.628571428571426,75.59,-4567.0
-146.91489361702128,-30.628571428571426,68.11,-4870.5
-145.4255319148936,-30.628571428571426,62.81,-4733.0
-143.93617021276594,-30.628571428571426,55.85,-4759.0
-142.4468085106383,-30.628571428571426,51.825,-4720.0
-140.95744680851064,-30.628571428571426,48.58,-4448.0
-139.46808510638297,-30.628571428571426,39.34,-4241.0
-137.9787234042553,-30.628571428571426,35.99,-4113.0
-136.48936170212767,-30.628571428571426,32.8,-4136.0
-135.0,-30.628571428571426,31.04,-4229.0
-133.51063829787233,-30.628571428571426,29.26,-4173.0
-132.02127659574467,-30.628571428571426,27.5,-4244.0
-130.53191489361703,-30.628571428571426,25.71,-4173.0
-129.04255319148936,-30.628571428571426,23.93,-4022.0
-127.5531914893617,-30.628571428571426,22.145,-3915.0
-126.06382978723404,-30.628571428571426,20.41,-3915.0
-124.57446808510639,-30.628571428571426,18.92,-3832.0
-123.08510638297872,-30.628571428571426,17.52,-3729.5
-121.59574468085106,-30.628571428571426,16.15,-3702.0
-120.1063829787234,-30.628571428571426,14.25,-3619.0
-118.61702127659575,-30.628571428571426,10.08,-3517.0
-117.12765957446808,-30.628571428571426,7.27,-3456.0
-115.63829787234042,-30.628571428571426,4.5,-3284.0
-114.14893617021276,-30.628571428571426,2.8249998,-3028.0
-112.65957446808511,-30.628571428571426,1.12,-2886.0
-111.17021276595744,-30.628571428571426,0.63,-2872.0
-109.68085106382978,-30.628571428571426,2.5,-3057.0
-108.19148936170212,-30.628571428571426,4.25,-3176.0
-106.70212765957447,-30.628571428571426,5.72,-3227.0
-105.2127659574468,-30.628571428571426,6.95,-3411.0
-103.72340425531915,-30.628571428571426,8.19,-3464.0
-102.23404255319149,-30.628571428571426,9.45,-3529.0
-100.74468085106383,-30.628571428571426,10.69,-3658.0
-169.25531914893617,-29.142857142857146,94.135,-5408.0
-167.7659574468085,-29.142857142857146,94.165,-5324.0
-166.27659574468086,-29.142857142857146,94.28,-5466.0
-164.7872340425532,-29.142857142857146,94.47,-5332.0
-163.29787234042553,-29.142857142857146,94.81,-5280.0
-161.80851063829786,-29.142857142857146,95.475,-5269.0
-160.31914893617022,-29.142857142857146,96.34,-5309.0
-158.82978723404256,-29.142857142857146,97.275,-5272.0
-157.3404255319149,-29.142857142857146,98.265,-4948.0
-155.85106382978722,-29.142857142857146,98.705,-5168.0
-154.36170212765958,-29.142857142857146,97.885,-5246.0
-152.87234042553192,-29.142857142857146,94.82,-5107.0
-151.38297872340425,-29.142857142857146,88.84,-4818.0
-149.89361702127658,-29.142857142857146,80.34,-4519.0
-148.40425531914894,-29.142857142857146,74.89,-4773.0
-146.91489361702128,-29.142857142857146,66.505005,-4624.5
-145.4255319148936,-29.142857142857146,60.415,-4526.0
-143.93617021276594,-29.142857142857146,53.415,-4476.0
-142.4468085106383,-29.142857142857146,50.205,-4296.0
-140.95744680851064,-29.142857142857146,45.875,-4043.0
-139.46808510638297,-29.142857142857146,38.735,-4137.0
-137.9787234042553,-29.142857142857146,35.375,-4226.0
-136.48936170212767,-29.142857142857146,32.504997,-4215.0
-135.0,-29.142857142857146,30.785,-4252.0
-133.51063829787233,-29.142857142857146,29.045,-4199.0
-132.02127659574467,-29.142857142857146,27.325,-4202.0
-130.53191489361703,-29.142857142857146,25.545,-4085.0
-129.04255319148936,-29.142857142857146,23.805,-4082.0
-127.5531914893617,-29.142857142857146,22.07,-4032.0
-126.06382978723404,-29.142857142857146,20.39,-3864.0
-124.57446808510639,-29.142857142857146,18.9,-3812.0
-123.08510638297872,-29.142857142857146,17.51,-3776.0
-121.59574468085106,-29.142857142857146,16.15,-3719.0
-120.1063829787234,-29.142857142857146,13.96,-3634.0
-118.61702127659575,-29.142857142857146,9.75,-3509.0
-117.12765957446808,-29.142857142857146,7.105,-3408.0
-115.63829787234042,-29.142857142857146,4.75,-3296.0
-114.14893617021276,-29.142857142857146,2.7350001,-3175.0
-112.65957446808511,-29.142857142857146,0.625,-2963.0
-111.17021276595744,-29.142857142857146,1.375,-2952.0
-109.68085106382978,-29.142857142857146,2.91,-3034.0
-108.19148936170212,-29.142857142857146,4.37,-3094.0
-106.70212765957447,-29.142857142857146,5.685,-3194.0
-105.2127659574468,-29.142857142857146,6.98,-3303.0
-103.72340425531915,-29.142857142857146,8.23,-3419.0
-102.23404255319149,-29.142857142857146,9.535,-3403.0
-100.74468085106383,-29.142857142857146,10.805,-3502.0
-169.25531914893617,-27.65714285714286,89.25,-5525.0
-167.7659574468085,-27.65714285714286,89.14,-5567.0
-166.27659574468086,-27.65714285714286,89.4,-5550.0
-164.7872340425532,-27.65714285714286,89.6,-5445.0
-163.29787234042553,-27.65714285714286,89.82,-5478.0
-161.80851063829786,-27.65714285714286,90.12,-5185.0
-160.31914893617022,-27.65714285714286,90.36,-5017.0
-158.82978723404256,-27.65714285714286,90.81,-5113.0
-157.3404255319149,-27.65714285714286,92.1,-5267.0
-155.85106382978722,-27.65714285714286,92.78,-5292.0
-154.36170212765958,-27.65714285714286,92.21,-5279.0
-152.87234042553192,-27.65714285714286,89.86,-5039.0
-151.38297872340425,-27.65714285714286,85.27,-4578.0
-149.89361702127658,-27.65714285714286,80.68,-4551.0
-148.40425531914894,-27.65714285714286,71.54,-4636.0
-146.91489361702128,-27.65714285714286,64.03,-4269.0
-145.4255319148936,-27.65714285714286,57.9,-3809.0
-143.93617021276594,-27.65714285714286,52.21,-2559.0
-142.4468085106383,-27.65714285714286,48.425,-3212.0
-140.95744680851064,-27.65714285714286,42.56,-3844.0
-139.46808510638297,-27.65714285714286,38.11,-4302.0
-137.9787234042553,-27.65714285714286,34.74,-4308.0
-136.48936170212767,-27.65714285714286,32.16,-4216.0
-135.0,-27.65714285714286,30.49,-4206.0
-133.51063829787233,-27.65714285714286,28.81,-4149.0
-132.02127659574467,-27.65714285714286,27.13,-4071.0
-130.53191489361703,-27.65714285714286,25.37,-3986.0
-129.04255319148936,-27.65714285714286,23.69,-3919.0
-127.5531914893617,-27.65714285714286,22.005001,-3843.0
-126.06382978723404,-27.65714285714286,20.38,-3772.0
-124.57446808510639,-27.65714285714286,18.87,-3673.0
-123.08510638297872,-27.65714285714286,17.5,-3592.5
-121.59574468085106,-27.65714285714286,16.15,-3453.0
-120.1063829787234,-27.65714285714286,13.99,-3506.0
-118.61702127659575,-27.65714285714286,9.35,-3520.0
-117.12765957446808,-27.65714285714286,6.53,-3447.0
-115.63829787234042,-27.65714285714286,4.86,-3204.0
-114.14893617021276,-27.65714285714286,2.25,-3081.0
-112.65957446808511,-27.65714285714286,0.5,-2668.0
-111.17021276595744,-27.65714285714286,1.75,-2902.0
-109.68085106382978,-27.65714285714286,3.45,-2890.0
-108.19148936170212,-27.65714285714286,5.26,-2996.0
-106.70212765957447,-27.65714285714286,6.97,-3045.0
-105.2127659574468,-27.65714285714286,9.45,-3017.0
-103.72340425531915,-27.65714285714286,11.06,-3281.0
-102.23404255319149,-27.65714285714286,12.12,-3215.0
-100.74468085106383,-27.65714285714286,13.26,-3370.0
-169.25531914893617,-26.17142857142857,85.9,-5593.0
-167.7659574468085,-26.17142857142857,85.99,-5621.0
-166.27659574468086,-26.17142857142857,86.15,-5621.0
-164.7872340425532,-26.17142857142857,86.22,-5444.0
-163.29787234042553,-26.17142857142857,86.26,-5475.0
-161.80851063829786,-26.17142857142857,86.49,-5231.0
-160.31914893617022,-26.17142857142857,86.71,-5059.0
-158.82978723404256,-26.17142857142857,86.75,-5078.0
-157.3404255319149,-26.17142857142857,87.27,-5157.0
-155.85106382978722,-26.17142857142857,87.92,-5054.0
-154.36170212765958,-26.17142857142857,88.3,-5023.0
-152.87234042553192,-26.17142857142857,87.15,-4707.0
-151.38297872340425,-26.17142857142857,84.74,-4616.0
-149.89361702127658,-26.17142857142857,80.52,-4571.0
-148.40425531914894,-26.17142857142857,68.3,-4438.0
-146.91489361702128,-26.17142857142857,61.63,-3084.0
-145.4255319148936,-26.17142857142857,55.19,-3554.0
-143.93617021276594,-26.17142857142857,51.02,-4183.0
-142.4468085106383,-26.17142857142857,46.895,-4219.0
-140.95744680851064,-26.17142857142857,41.36,-4459.0
-139.46808510638297,-26.17142857142857,37.49,-4387.0
-137.9787234042553,-26.17142857142857,34.09,-4301.0
-136.48936170212767,-26.17142857142857,31.86,-4248.0
-135.0,-26.17142857142857,30.25,-4157.0
-133.51063829787233,-26.17142857142857,28.55,-4043.0
-132.02127659574467,-26.17142857142857,26.93,-3985.0
-130.53191489361703,-26.17142857142857,25.23,-3761.0
-129.04255319148936,-26.17142857142857,23.6,-3780.0
-127.5531914893617,-26.17142857142857,21.945,-3775.0
-126.06382978723404,-26.17142857142857,20.37,-3720.0
-124.57446808510639,-26.17142857142857,18.85,-3597.0
-123.08510638297872,-26.17142857142857,17.49,-3530.5
-121.59574468085106,-26.17142857142857,16.15,-3363.0
-120.1063829787234,-26.17142857142857,14.04,-3301.0
-118.61702127659575,-26.17142857142857,8.19,-3206.0
-117.12765957446808,-26.17142857142857,4.9,-2925.0
-115.63829787234042,-26.17142857142857,0.89,-2803.0
-114.14893617021276,-26.17142857142857,1.5,-2937.0
-112.65957446808511,-26.17142857142857,2.86,-2813.0
-111.17021276595744,-26.17142857142857,4.25,-2944.0
-109.68085106382978,-26.17142857142857,5.63,-3248.0
-108.19148936170212,-26.17142857142857,7.09,-3348.0
-106.70212765957447,-26.17142857142857,8.54,-3333.0
-105.2127659574468,-26.17142857142857,10.01,-3235.0
-103.72340425531915,-26.17142857142857,11.33,-3241.0
-102.23404255319149,-26.17142857142857,12.45,-3224.0
-100.74468085106383,-26.17142857142857,13.56,-3038.0
-169.25531914893617,-24.68571428571429,88.73,-5731.0
-167.7659574468085,-24.68571428571429,88.68,-5693.0
-166.27659574468086,-24.68571428571429,88.4,-5674.0
-164.7872340425532,-24.68571428571429,88.2,-5446.0
-163.29787234042553,-24.68571428571429,88.08,-5382.0
-161.80851063829786,-24.68571428571429,88.0,-4968.0
-160.31914893617022,-24.68571428571429,87.77,-4936.0
-158.82978723404256,-24.68571428571429,87.36,-4868.0
-157.3404255319149,-24.68571428571429,86.85,-4882.0
-155.85106382978722,-24.68571428571429,86.595,-4785.0
-154.36170212765958,-24.68571428571429,86.85,-4764.0
-152.87234042553192,-24.68571428571429,86.09,-4704.0
-151.38297872340425,-24.68571428571429,84.33,-4739.0
-149.89361702127658,-24.68571428571429,76.86,-4665.0
-148.40425531914894,-24.68571428571429,71.16,-4160.0
-146.91489361702128,-24.68571428571429,68.22,-4040.0
-145.4255319148936,-24.68571428571429,53.94,-4360.0
-143.93617021276594,-24.68571428571429,49.89,-4664.0
-142.4468085106383,-24.68571428571429,45.535,-4598.0
-140.95744680851064,-24.68571428571429,40.37,-4507.0
-139.46808510638297,-24.68571428571429,36.87,-4384.0
-137.9787234042553,-24.68571428571429,33.44,-4184.0
-136.48936170212767,-24.68571428571429,31.63,-4112.0
-135.0,-24.68571428571429,30.0,-4029.0
-133.51063829787233,-24.68571428571429,28.38,-3972.0
-132.02127659574467,-24.68571428571429,26.76,-3831.0
-130.53191489361703,-24.68571428571429,25.09,-3616.0
-129.04255319148936,-24.68571428571429,23.5,-3500.0
-127.5531914893617,-24.68571428571429,21.885,-3467.0
-126.06382978723404,-24.68571428571429,20.35,-3494.0
-124.57446808510639,-24.68571428571429,18.5,-3184.0
-123.08510638297872,-24.68571428571429,13.9,-3289.0
-121.59574468085106,-24.68571428571429,12.93,-3228.0
-120.1063829787234,-24.68571428571429,10.79,-3205.0
-118.61702127659575,-24.68571428571429,6.26,-3210.0
-117.12765957446808,-24.68571428571429,2.35,-2905.0
-115.63829787234042,-24.68571428571429,0.48,-2966.0
-114.14893617021276,-24.68571428571429,1.57,-3325.0
-112.65957446808511,-24.68571428571429,2.75,-3155.0
-111.17021276595744,-24.68571428571429,4.0,-3091.0
-109.68085106382978,-24.68571428571429,5.37,-3627.0
-108.19148936170212,-24.68571428571429,6.87,-3657.0
-106.70212765957447,-24.68571428571429,8.32,-3699.0
-105.2127659574468,-24.68571428571429,9.82,-3587.0
-103.72340425531915,-24.68571428571429,11.21,-3628.0
-102.23404255319149,-24.68571428571429,12.36,-3591.0
-100.74468085106383,-24.68571428571429,13.56,-3577.0
-169.25531914893617,-23.200000000000003,92.38,-5634.0
-167.7659574468085,-23.200000000000003,92.27,-5718.0
-166.27659574468086,-23.200000000000003,92.01,-5606.0
-164.7872340425532,-23.200000000000003,91.8,-5263.0
-163.29787234042553,-23.200000000000003,91.66,-5122.0
-161.80851063829786,-23.200000000000003,91.51,-4836.0
-160.31914893617022,-23.200000000000003,91.18,-4692.0
-158.82978723404256,-23.200000000000003,90.62,-4745.0
-157.3404255319149,-23.200000000000003,89.42,-4942.0
-155.85106382978722,-23.200000000000003,88.22,-4871.0
-154.36170212765958,-23.200000000000003,87.19,-4555.0
-152.87234042553192,-23.200000000000003,85.85,-4550.0
-151.38297872340425,-23.200000000000003,83.87,-4552.0
-149.89361702127658,-23.200000000000003,79.74,-4554.0
-148.40425531914894,-23.200000000000003,72.44,-4717.0
-146.91489361702128,-23.200000000000003,67.59,-4783.0
-145.4255319148936,-23.200000000000003,55.2,-4710.0
-143.93617021276594,-23.200000000000003,49.73,-4723.0
-142.4468085106383,-23.200000000000003,44.34,-4674.0
-140.95744680851064,-23.200000000000003,39.67,-4499.0
-139.46808510638297,-23.200000000000003,36.23,-4343.0
-137.9787234042553,-23.200000000000003,32.9,-4204.0
-136.48936170212767,-23.200000000000003,31.41,-3967.0
-135.0,-23.200000000000003,29.77,-3864.0
-133.51063829787233,-23.200000000000003,28.23,-3609.0
-132.02127659574467,-23.200000000000003,26.59,-3384.0
-130.53191489361703,-23.200000000000003,24.95,-3347.0
-129.04255319148936,-23.200000000000003,23.41,-3439.0
-127.5531914893617,-23.200000000000003,21.825,-3755.0
-126.06382978723404,-23.200000000000003,20.32,-3763.0
-124.57446808510639,-23.200000000000003,16.86,-3713.0
-123.08510638297872,-23.200000000000003,12.85,-3599.5
-121.59574468085106,-23.200000000000003,10.3,-3508.0
-120.1063829787234,-23.200000000000003,8.97,-3464.0
-118.61702127659575,-23.200000000000003,6.29,-3440.0
-117.12765957446808,-23.200000000000003,3.52,-3222.0
-115.63829787234042,-23.200000000000003,1.07,-3109.0
-114.14893617021276,-23.200000000000003,0.725,-3262.0
-112.65957446808511,-23.200000000000003,2.12,-3421.0
-111.17021276595744,-23.200000000000003,3.62,-3557.0
-109.68085106382978,-23.200000000000003,5.15,-3644.0
-108.19148936170212,-23.200000000000003,6.6,-3786.0
-106.70212765957447,-23.200000000000003,8.08,-3865.0
-105.2127659574468,-23.200000000000003,9.6,-3818.0
-103.72340425531915,-23.200000000000003,11.02,-3894.0
-102.23404255319149,-23.200000000000003,12.28,-3971.0
-100.74468085106383,-23.200000000000003,13.56,-3982.0
-169.25531914893617,-21.714285714285715,95.9,-5551.0
-167.7659574468085,-21.714285714285715,95.72,-5534.0
-166.27659574468086,-21.714285714285715,95.52,-5439.0
-164.7872340425532,-21.714285714285715,95.35,-5279.0
-163.29787234042553,-21.714285714285715,95.13,-4941.0
-161.80851063829786,-21.714285714285715,94.8,-4761.0
-160.31914893617022,-21.714285714285715,94.42,-4644.0
-158.82978723404256,-21.714285714285715,93.41,-4684.0
-157.3404255319149,-21.714285714285715,91.58,-4894.0
-155.85106382978722,-21.714285714285715,89.77,-4677.0
-154.36170212765958,-21.714285714285715,88.02,-4590.0
-152.87234042553192,-21.714285714285715,86.15,-4540.0
-151.38297872340425,-21.714285714285715,84.23,-4496.0
-149.89361702127658,-21.714285714285715,79.61,-4644.0
-148.40425531914894,-21.714285714285715,71.95,-4727.0
-146.91489361702128,-21.714285714285715,66.01,-4691.0
-145.4255319148936,-21.714285714285715,60.37,-4487.0
-143.93617021276594,-21.714285714285715,55.03,-4393.0
-142.4468085106383,-21.714285714285715,50.739998,-4255.0
-140.95744680851064,-21.714285714285715,46.51,-4237.0
-139.46808510638297,-21.714285714285715,40.93,-4073.0
-137.9787234042553,-21.714285714285715,37.49,-3683.0
-136.48936170212767,-21.714285714285715,33.14,-3139.0
-135.0,-21.714285714285715,30.4,-3399.0
-133.51063829787233,-21.714285714285715,28.84,-3777.0
-132.02127659574467,-21.714285714285715,27.29,-3787.0
-130.53191489361703,-21.714285714285715,25.67,-3817.0
-129.04255319148936,-21.714285714285715,24.08,-3922.0
-127.5531914893617,-21.714285714285715,22.525002,-4019.0
-126.06382978723404,-21.714285714285715,20.92,-3924.0
-124.57446808510639,-21.714285714285715,17.85,-3903.0
-123.08510638297872,-21.714285714285715,13.5,-3648.0
-121.59574468085106,-21.714285714285715,10.26,-3520.0
-120.1063829787234,-21.714285714285715,8.61,-3517.0
-118.61702127659575,-21.714285714285715,6.49,-3489.0
-117.12765957446808,-21.714285714285715,4.25,-3360.0
-115.63829787234042,-21.714285714285715,1.95,-3235.0
-114.14893617021276,-21.714285714285715,0.405,-3135.0
-112.65957446808511,-21.714285714285715,1.69,-3442.0
-111.17021276595744,-21.714285714285715,3.25,-3559.0
-109.68085106382978,-21.714285714285715,4.89,-3638.0
-108.19148936170212,-21.714285714285715,6.41,-3777.0
-106.70212765957447,-21.714285714285715,7.86,-3876.0
-105.2127659574468,-21.714285714285715,9.37,-3863.0
-103.72340425531915,-21.714285714285715,10.83,-3986.0
-102.23404255319149,-21.714285714285715,12.18,-4003.0
-100.74468085106383,-21.714285714285715,13.59,-4050.0
-169.25531914893617,-20.228571428571428,98.96,-5414.0
-167.7659574468085,-20.228571428571428,98.66,-5292.0
-166.27659574468086,-20.228571428571428,98.4,-5189.0
-164.7872340425532,-20.228571428571428,98.14,-5075.0
-163.29787234042553,-20.228571428571428,97.88,-5035.0
-161.80851063829786,-20.228571428571428,97.56,-4871.0
-160.31914893617022,-20.228571428571428,97.24,-4727.0
-158.82978723404256,-20.228571428571428,96.27,-4656.0
-157.3404255319149,-20.228571428571428,93.66,-4521.0
-155.85106382978722,-20.228571428571428,91.235,-4663.0
-154.36170212765958,-20.228571428571428,88.87,-4720.0
-152.87234042553192,-20.228571428571428,86.46,-4553.0
-151.38297872340425,-20.228571428571428,84.12,-4403.0
-149.89361702127658,-20.228571428571428,76.62,-4385.0
-148.40425531914894,-20.228571428571428,70.65,-4461.0
-146.91489361702128,-20.228571428571428,64.16,-4477.5
-145.4255319148936,-20.228571428571428,58.43,-4325.0
-143.93617021276594,-20.228571428571428,53.74,-4362.0
-142.4468085106383,-20.228571428571428,49.925003,-4424.0
-140.95744680851064,-20.228571428571428,45.82,-4332.0
-139.46808510638297,-20.228571428571428,41.14,-3740.0
-137.9787234042553,-20.228571428571428,38.81,-4026.0
-136.48936170212767,-20.228571428571428,37.19,-4044.0
-135.0,-20.228571428571428,35.58,-3957.0
-133.51063829787233,-20.228571428571428,33.93,-3717.0
-132.02127659574467,-20.228571428571428,31.83,-3573.0
-130.53191489361703,-20.228571428571428,29.31,-3934.0
-129.04255319148936,-20.228571428571428,26.81,-4097.0
-127.5531914893617,-20.228571428571428,24.26,-4054.0
-126.06382978723404,-20.228571428571428,21.73,-3944.0
-124.57446808510639,-20.228571428571428,18.26,-3849.0
-123.08510638297872,-20.228571428571428,13.99,-3577.0
-121.59574468085106,-20.228571428571428,10.94,-3543.0
-120.1063829787234,-20.228571428571428,8.89,-3507.0
-118.61702127659575,-20.228571428571428,6.85,-3509.0
-117.12765957446808,-20.228571428571428,4.75,-3393.0
-115.63829787234042,-20.228571428571428,2.51,-3323.0
-114.14893617021276,-20.228571428571428,0.51,-3190.0
-112.65957446808511,-20.228571428571428,1.24,-3287.0
-111.17021276595744,-20.228571428571428,2.92,-3478.0
-109.68085106382978,-20.228571428571428,4.63,-3683.0
-108.19148936170212,-20.228571428571428,6.19,-3882.0
-106.70212765957447,-20.228571428571428,7.64,-3958.0
-105.2127659574468,-20.228571428571428,9.1,-3938.0
-103.72340425531915,-20.228571428571428,10.62,-4026.0
-102.23404255319149,-20.228571428571428,12.09,-4080.0
-100.74468085106383,-20.228571428571428,13.64,-4111.0
-169.25531914893617,-18.74285714285714,101.16,-4656.0
-167.7659574468085,-18.74285714285714,100.76,-5217.0
-166.27659574468086,-18.74285714285714,100.48,-5247.0
-164.7872340425532,-18.74285714285714,100.23,-5165.0
-163.29787234042553,-18.74285714285714,99.96,-4953.0
-161.80851063829786,-18.74285714285714,99.73,-4876.0
-160.31914893617022,-18.74285714285714,99.51,-4820.0
-158.82978723404256,-18.74285714285714,98.63,-4767.0
-157.3404255319149,-18.74285714285714,95.61,-4540.0
-155.85106382978722,-18.74285714285714,92.63,-4717.0
-154.36170212765958,-18.74285714285714,89.63,-4623.0
-152.87234042553192,-18.74285714285714,86.5,-4417.0
-151.38297872340425,-18.74285714285714,83.51,-3944.0
-149.89361702127658,-18.74285714285714,76.04,-3863.0
-148.40425531914894,-18.74285714285714,68.35,-4051.0
-146.91489361702128,-18.74285714285714,62.23,-4365.5
-145.4255319148936,-18.74285714285714,56.47,-4382.0
-143.93617021276594,-18.74285714285714,52.44,-4313.0
-142.4468085106383,-18.74285714285714,48.57,-4323.0
-140.95744680851064,-18.74285714285714,44.75,-3640.0
-139.46808510638297,-18.74285714285714,39.94,-3757.0
-137.9787234042553,-18.74285714285714,38.26,-3389.0
-136.48936170212767,-18.74285714285714,36.62,-2940.0
-135.0,-18.74285714285714,34.99,-3277.0
-133.51063829787233,-18.74285714285714,33.35,-3831.0
-132.02127659574467,-18.74285714285714,31.0,-4233.0
-130.53191489361703,-18.74285714285714,28.6,-4210.0
-129.04255319148936,-18.74285714285714,26.2,-4094.0
-127.5531914893617,-18.74285714285714,23.880001,-4038.0
-126.06382978723404,-18.74285714285714,21.42,-3904.0
-124.57446808510639,-18.74285714285714,18.21,-3723.0
-123.08510638297872,-18.74285714285714,14.27,-3663.0
-121.59574468085106,-18.74285714285714,11.62,-3670.0
-120.1063829787234,-18.74285714285714,9.41,-3623.0
-118.61702127659575,-18.74285714285714,7.32,-3529.0
-117.12765957446808,-18.74285714285714,5.14,-3420.0
-115.63829787234042,-18.74285714285714,3.01,-3249.0
-114.14893617021276,-18.74285714285714,1.0,-3104.0
-112.65957446808511,-18.74285714285714,0.87,-3170.0
-111.17021276595744,-18.74285714285714,2.63,-3451.0
-109.68085106382978,-18.74285714285714,4.38,-3621.0
-108.19148936170212,-18.74285714285714,5.98,-3778.0
-106.70212765957447,-18.74285714285714,7.44,-3949.0
-105.2127659574468,-18.74285714285714,8.88,-4032.0
-103.72340425531915,-18.74285714285714,10.39,-4051.0
-102.23404255319149,-18.74285714285714,11.97,-4096.0
-100.74468085106383,-18.74285714285714,13.67,-4165.0
